leiden_sub,n_cells,cell_type,cell_state,T cell (pan),CD8 T,CD4 T conv,Treg,Exhausted/dysfunctional,Memory/stem-like,Cycling,NK,B,Plasma,Monocyte/Macrophage,cDC,pDC,Mast,Melanocytic (non-immune),Stromal (non-immune),CD3D,CD3E,CD8A,CD8B,CD4,IL7R,FOXP3,CTLA4,PDCD1,CXCL13,TCF7,SELL,MKI67,NKG7,GNLY,KLRD1,KLRF1,FCGR3A,NCAM1,MS4A1,CD79A,MZB1,IGHG1,LYZ,CD14,CD68,C1QA,CD163,CD1C,CLEC9A,FCER1A,LILRA4,CLEC4C,IRF7,TPSAB1,CPA3,KIT,MLANA,PMEL,SOX10,COL1A1,PTPRC,TRDC,TRGC1,TRGC2,TRAC,KLRB1,SLC4A10,ZNF683,ITGAE,GZMB,GZMK,PRF1,CCR7,LEF1,FCER1G,XCL1,TYROBP,EOMES,CD7,KLRC1,IL2RB,CD247
"0,0",226,NK,NK XCL1+ KLRC1-high,-0.48,0.14,0.18,-0.29,-0.59,1.24,-0.23,1.48,-0.36,-0.31,0.03,-0.27,0.25,0.54,-0.47,0.08,1.42,2.27,1.56,0.6,0.03,2.69,0.0,0.23,0.21,0.02,2.8,3.14,0.02,7.03,6.89,5.32,2.45,1.59,1.93,0.3,0.09,0.38,0.1,0.0,0.01,0.12,0.0,0.0,0.0,0.0,0.0,0.0,0.0,1.69,0.01,0.0,0.3,0.03,0.01,0.0,0.03,5.79,5.13,2.34,2.56,1.82,2.81,0.04,1.18,1.14,4.7,3.02,4.93,1.18,0.55,4.14,3.93,4.65,0.67,3.15,4.01,5.52,3.97
"0,1",222,NK,NK CD16+,-0.1,0.59,-0.08,-0.44,-0.5,-0.18,-0.16,1.95,-0.37,-0.32,-0.08,-0.27,0.47,-0.44,-0.3,-0.98,2.55,2.6,2.03,0.74,0.19,1.22,0.0,0.05,0.26,0.02,0.92,1.85,0.02,8.34,7.66,4.71,2.61,4.36,1.09,0.06,0.02,0.11,0.06,0.04,0.01,0.11,0.01,0.0,0.01,0.0,0.01,0.01,0.0,0.99,0.0,0.0,0.0,0.02,0.04,0.0,0.0,6.39,3.97,2.64,2.92,2.41,3.41,0.1,0.78,0.51,6.22,1.31,6.61,0.4,0.2,1.85,0.92,3.21,0.79,2.05,1.77,4.21,4.46
"0,2",117,NK,NK CD16+ cytotoxic,-0.68,0.36,-0.41,-0.43,-0.39,-0.93,-0.28,2.78,-0.36,-0.31,0.11,-0.29,0.69,-0.33,-0.41,-0.22,0.81,1.81,1.09,0.24,0.1,0.17,0.0,0.07,0.06,0.04,0.48,1.03,0.04,8.9,8.56,5.49,5.23,6.64,1.82,0.03,0.0,0.04,0.05,0.09,0.01,0.23,0.02,0.0,0.02,0.0,0.02,0.02,0.0,0.86,0.0,0.0,0.01,0.02,0.0,0.0,0.05,6.26,4.58,2.25,1.71,0.5,4.37,0.05,0.91,0.63,7.74,0.25,7.73,0.01,0.05,4.95,0.58,5.09,0.44,2.48,1.67,5.16,5.87
"0,3",345,CD8 T,CD8 effector cytotoxic,0.87,1.42,0.91,-0.56,-0.62,-0.25,-0.23,1.43,-0.4,-0.41,-0.35,-0.28,0.28,-0.25,-0.18,0.15,5.11,4.18,5.1,2.99,0.85,2.04,0.0,0.4,0.91,0.04,1.0,0.9,0.05,8.35,5.58,3.82,0.77,2.97,0.14,0.09,0.03,0.09,0.07,0.05,0.03,0.06,0.0,0.01,0.0,0.0,0.01,0.01,0.0,1.09,0.01,0.01,0.01,0.03,0.01,0.02,0.02,6.34,0.1,1.78,2.91,6.03,1.0,0.01,1.71,0.78,5.25,1.67,5.88,0.11,0.2,0.08,0.36,0.3,0.59,1.21,0.34,2.5,2.54
1,1325,CD8 T,CD8 effector-memory GZMK+,0.83,1.33,0.71,-0.43,-0.18,0.59,-0.22,0.13,-0.36,-0.42,-0.36,-0.27,-0.33,-0.27,-0.1,0.38,5.13,4.17,5.88,3.76,0.28,2.89,0.01,0.74,1.43,0.43,2.08,1.14,0.05,6.17,1.28,2.27,0.06,0.25,0.05,0.27,0.06,0.25,0.12,0.04,0.04,0.11,0.01,0.01,0.01,0.0,0.0,0.0,0.0,1.01,0.01,0.01,0.0,0.05,0.04,0.0,0.04,6.21,0.09,1.18,2.19,6.2,0.68,0.06,1.71,1.29,1.95,4.23,3.09,1.08,0.49,0.03,1.47,0.12,0.82,1.86,0.5,3.13,2.51
2,1691,CD4 T,CD4 memory IL7R+ TCF7+,0.76,-0.36,2.16,-0.05,-0.65,2.57,-0.24,-0.66,-0.34,-0.4,-0.34,-0.27,-0.58,-0.22,-0.04,1.53,4.72,3.85,1.4,0.94,2.22,4.69,0.2,0.93,0.79,0.21,2.94,2.74,0.04,0.9,0.39,0.24,0.04,0.04,0.03,0.14,0.08,0.11,0.09,0.07,0.04,0.1,0.01,0.02,0.01,0.0,0.01,0.02,0.0,0.97,0.01,0.0,0.02,0.03,0.07,0.01,0.08,5.91,0.07,0.33,0.6,6.13,1.56,0.05,0.24,0.83,0.24,1.53,0.76,2.81,1.74,0.1,0.19,0.11,0.19,1.59,0.05,1.94,2.38
3,340,CD4 T,CD4 memory activated,0.88,-0.35,1.63,0.48,-0.14,1.87,-0.28,-0.66,-0.37,-0.45,-0.39,-0.3,-0.58,-0.38,-0.02,2.22,5.16,3.71,1.5,1.27,2.58,3.75,0.48,1.75,1.59,0.74,2.59,2.5,0.06,1.22,0.31,0.24,0.0,0.01,0.02,0.03,0.16,0.08,0.12,0.04,0.01,0.08,0.01,0.0,0.01,0.0,0.01,0.01,0.0,1.07,0.0,0.0,0.0,0.07,0.06,0.01,0.08,6.17,0.03,0.28,0.48,6.54,1.75,0.05,0.13,1.03,0.43,1.72,0.91,2.37,1.46,0.03,0.39,0.02,0.14,1.59,0.09,2.41,2.21
4,434,CD8 T,CD8 exhausted,0.98,1.58,-0.63,-0.06,1.58,-0.97,-0.2,0.3,-0.39,-0.47,-0.42,-0.28,0.03,-0.28,-0.24,0.39,5.73,4.58,6.7,4.39,0.26,1.03,0.02,2.33,3.35,2.18,0.61,0.44,0.16,7.64,1.55,2.69,0.02,0.51,0.02,0.07,0.18,0.39,0.08,0.0,0.0,0.05,0.02,0.0,0.0,0.0,0.0,0.0,0.0,1.35,0.0,0.0,0.02,0.06,0.02,0.0,0.01,6.11,0.03,1.01,2.1,6.62,0.45,0.0,0.75,2.33,4.07,3.98,5.16,0.24,0.09,0.05,0.64,0.02,1.17,2.23,0.45,4.06,2.86
5,791,Treg,Treg,0.94,-1.14,0.4,4.03,0.4,0.43,-0.32,-0.84,-0.17,-0.4,-0.46,-0.31,-0.66,-0.35,0.03,0.14,5.72,4.2,0.16,0.09,4.52,2.51,3.46,4.6,1.38,0.08,0.62,2.95,0.1,0.33,0.31,0.02,0.01,0.04,0.15,0.05,0.61,1.02,0.12,0.06,0.03,0.11,0.05,0.01,0.0,0.0,0.0,0.0,0.0,1.41,0.0,0.0,0.01,0.07,0.1,0.01,0.03,6.14,0.14,0.07,0.09,7.39,0.99,0.01,0.01,1.1,0.15,0.34,1.55,0.75,1.09,0.11,0.04,0.04,0.04,2.61,0.0,4.3,3.64
6,2413,CD8 T,CD8 exhausted CXCL13+,0.96,1.6,-0.84,0.2,1.89,-1.16,-0.19,0.27,-0.39,-0.41,-0.4,-0.27,0.07,-0.3,-0.26,-0.17,5.82,4.58,6.66,4.53,0.27,0.7,0.02,3.05,3.7,2.73,0.49,0.31,0.17,7.66,1.41,2.79,0.02,0.44,0.02,0.07,0.12,0.49,0.13,0.06,0.01,0.1,0.02,0.01,0.01,0.0,0.0,0.01,0.0,1.21,0.0,0.0,0.0,0.05,0.03,0.01,0.01,6.22,0.08,1.08,2.29,6.73,0.42,0.02,0.28,2.47,4.41,4.19,5.42,0.11,0.08,0.05,0.25,0.07,1.09,2.33,0.61,3.82,2.91
7,454,CD8 T,CD8 transitional,0.65,0.99,0.34,-0.17,0.65,-0.27,-0.14,0.1,-0.4,-0.35,-0.37,-0.28,-0.17,-0.33,-0.18,1.03,5.0,4.16,4.77,2.9,0.79,1.68,0.02,1.39,2.35,1.56,1.25,0.63,0.07,6.13,1.8,1.69,0.02,0.2,0.01,0.12,0.06,0.29,0.11,0.03,0.06,0.1,0.02,0.01,0.0,0.0,0.0,0.02,0.0,1.3,0.0,0.0,0.01,0.04,0.06,0.0,0.07,5.84,0.26,0.86,2.03,5.56,0.74,0.03,0.55,2.03,2.46,3.28,3.3,0.56,0.29,0.0,0.45,0.04,0.83,1.75,0.35,3.0,1.98
8,866,Cycling T,Cycling T,0.48,0.25,-1.22,-0.0,0.96,-1.55,4.66,-0.18,-0.61,-0.54,-0.66,-0.34,-0.36,-0.52,-0.99,-0.45,6.17,4.45,4.13,3.17,1.25,0.74,0.26,3.0,3.7,2.86,0.68,1.49,3.65,6.1,1.68,2.43,0.04,0.36,0.04,0.02,0.33,0.83,0.23,0.05,0.02,0.22,0.03,0.02,0.0,0.0,0.0,0.01,0.0,1.73,0.0,0.0,0.01,0.04,0.06,0.0,0.03,6.03,1.17,1.23,2.29,6.65,0.46,0.02,0.49,3.31,4.16,3.63,4.59,0.61,0.65,0.08,0.8,0.13,1.49,2.15,0.57,3.82,3.62
9,914,CD4 T,CD4 CXCL13+ (Tfh-like),0.85,-0.92,1.44,1.53,1.29,0.58,-0.25,-0.8,-0.32,-0.49,-0.46,-0.3,-0.65,-0.36,-0.2,0.26,5.41,4.14,0.41,0.4,4.48,2.97,0.55,3.82,3.95,3.92,1.78,1.48,0.07,0.6,0.47,0.06,0.02,0.02,0.02,0.02,0.42,0.21,0.12,0.05,0.03,0.07,0.03,0.01,0.01,0.0,0.0,0.0,0.0,1.26,0.0,0.0,0.0,0.04,0.07,0.01,0.02,6.35,0.07,0.21,0.44,6.79,2.36,0.0,0.11,1.42,0.38,0.86,1.28,1.28,1.22,0.06,0.25,0.02,0.15,2.08,0.0,2.92,3.54
10,284,pDC,pDC,-1.79,-1.49,-0.15,-0.93,-1.9,0.07,0.03,-0.84,-0.58,1.32,0.74,0.06,4.32,-0.26,-1.03,-1.21,0.02,0.4,0.13,0.0,5.92,0.14,0.01,0.0,0.16,0.03,0.19,6.11,0.06,1.81,0.07,0.03,0.09,0.06,0.12,0.04,0.41,4.71,0.25,0.79,0.02,5.38,0.06,0.07,0.04,0.02,0.75,6.92,3.73,6.93,0.0,0.02,0.05,0.07,0.03,0.0,0.07,4.28,0.06,0.02,0.04,0.09,0.02,0.0,0.0,2.0,7.96,0.03,0.08,1.63,0.04,6.3,0.02,6.64,0.01,0.17,0.0,0.03,0.32
11,355,CD8 T,CD8 exhausted CXCL13-high,0.73,0.53,-1.06,0.09,1.49,-0.06,0.11,-0.11,-0.47,-0.51,-0.47,-0.3,-0.49,-0.37,-0.1,-0.72,5.99,4.42,5.09,4.19,0.33,1.66,0.02,2.71,2.78,3.76,2.23,1.14,0.33,5.92,0.57,2.51,0.01,0.15,0.02,0.05,0.3,0.6,0.22,0.06,0.04,0.54,0.06,0.0,0.02,0.0,0.0,0.0,0.0,1.74,0.0,0.01,0.0,0.09,0.05,0.03,0.03,5.98,0.12,0.91,1.95,6.68,0.28,0.0,0.51,2.71,1.71,3.82,4.17,1.5,0.93,0.09,3.28,0.05,1.47,2.28,0.43,3.05,3.21
12,734,gdT,gamma-delta T,0.59,0.53,-0.35,0.04,0.54,-0.2,-0.18,0.39,-0.41,-0.4,-0.39,-0.3,0.04,-0.36,-0.33,0.27,5.81,4.41,0.88,0.36,0.1,1.82,0.01,1.42,2.12,0.89,1.54,1.05,0.1,7.04,3.08,3.1,0.07,0.31,0.04,0.19,0.13,0.53,0.11,0.05,0.01,0.08,0.02,0.0,0.0,0.0,0.01,0.01,0.0,1.39,0.01,0.0,0.0,0.04,0.03,0.0,0.05,6.34,6.93,3.3,5.29,4.58,0.72,0.02,0.89,1.71,4.29,5.14,4.9,0.59,0.72,0.09,0.79,0.21,1.21,2.29,0.92,3.58,3.18
13,362,CD8 T,CD8 interferon-stimulated,0.9,0.88,0.16,0.09,1.14,-0.17,-0.24,0.02,-0.4,-0.36,-0.37,-0.26,0.41,-0.35,-0.22,0.22,5.72,4.41,4.96,3.42,1.06,2.08,0.19,2.14,2.81,2.07,1.21,1.02,0.07,5.65,1.43,2.12,0.06,0.33,0.04,0.1,0.06,0.82,0.05,0.06,0.02,0.31,0.02,0.01,0.0,0.0,0.02,0.0,0.0,4.43,0.0,0.0,0.0,0.03,0.05,0.0,0.02,6.17,0.5,1.17,2.33,6.73,0.9,0.08,0.87,2.06,3.31,2.61,4.65,0.97,0.51,0.16,0.6,0.18,0.78,2.31,0.57,3.74,3.05
14,251,cDC,cDC (CD1C+),-1.87,-1.58,0.57,-1.05,-1.24,-1.17,-0.3,-1.03,-0.68,-0.57,2.46,4.63,-0.54,3.57,0.99,-2.22,0.02,0.03,0.06,0.01,4.35,0.78,0.0,0.41,0.29,0.05,0.33,2.68,0.23,0.49,0.04,0.03,0.07,1.49,0.0,0.01,0.02,0.01,0.2,7.51,2.48,4.13,2.24,1.86,3.81,0.7,2.07,0.35,0.07,2.7,0.17,0.15,0.36,0.0,0.0,0.0,0.03,5.36,0.02,0.01,0.03,0.11,0.0,0.0,0.01,1.02,0.04,0.01,0.04,0.81,0.0,6.5,0.02,6.39,0.0,0.03,0.0,0.0,0.01
15,895,Monocyte/Macrophage,Monocyte/Macrophage,-1.69,-1.3,1.07,-0.84,-1.21,-1.43,-0.41,-0.96,-0.7,-0.62,3.67,0.41,-0.49,2.75,4.34,-0.62,0.37,0.25,0.28,0.14,4.34,1.48,0.03,0.23,0.18,0.1,0.29,1.38,0.23,0.93,0.16,0.11,0.04,5.65,0.05,0.06,0.03,0.03,0.16,6.93,6.42,6.36,3.82,4.59,0.34,0.03,0.09,0.33,0.01,2.43,0.05,0.0,0.0,0.06,0.04,0.01,0.04,5.26,0.03,0.14,0.19,0.42,0.11,0.0,0.03,1.23,0.15,0.17,0.18,0.13,0.03,7.81,0.04,7.78,0.03,0.13,0.03,0.24,0.14
16,302,Plasma,Plasma,-1.09,-0.73,-1.3,-0.35,-0.52,-0.3,-0.15,-0.69,1.42,2.93,-0.32,-0.19,-0.39,-0.39,-0.0,1.09,0.33,0.3,0.3,0.24,0.04,0.22,0.0,0.12,0.2,0.09,0.31,1.55,0.06,0.49,0.07,0.22,0.03,0.02,0.0,2.01,4.27,4.64,7.47,0.11,0.03,0.24,0.0,0.04,0.15,0.0,0.01,0.04,0.0,1.35,0.0,0.0,0.0,0.02,0.02,0.0,0.02,3.1,0.13,0.09,0.19,0.63,0.13,0.0,0.0,1.07,0.31,0.3,0.3,0.77,0.06,0.08,0.04,0.11,0.07,0.09,0.04,0.34,0.14
17,212,B,B (CD79A+ MS4A1-low),-0.4,-0.56,-0.62,-0.04,-0.45,0.73,-0.19,-0.61,1.6,0.4,-0.39,-0.17,-0.42,-0.36,0.15,0.82,2.1,1.67,0.91,0.55,0.99,0.96,0.16,0.84,0.83,0.34,0.59,3.1,0.11,1.15,0.29,0.46,0.02,0.08,0.03,2.77,3.51,1.1,2.31,0.04,0.01,0.18,0.02,0.0,0.32,0.0,0.01,0.08,0.03,1.12,0.0,0.0,0.0,0.07,0.08,0.0,0.07,5.26,0.18,0.27,0.53,3.14,0.51,0.0,0.17,0.79,0.75,0.91,0.91,2.43,0.65,0.01,0.12,0.04,0.1,0.83,0.09,1.11,1.08
18,876,B,B naive/memory,-1.18,-1.02,-1.61,-0.45,-0.95,0.81,-0.28,-0.78,3.5,0.07,-0.41,0.03,-0.5,-0.38,-0.43,-0.06,0.15,0.08,0.07,0.04,0.05,0.1,0.01,0.08,0.08,0.03,0.41,4.64,0.05,0.16,0.04,0.03,0.03,0.03,0.02,6.45,5.87,0.93,1.85,0.05,0.02,0.16,0.04,0.02,0.87,0.0,0.0,0.12,0.01,1.22,0.0,0.0,0.01,0.03,0.03,0.0,0.06,5.39,0.03,0.01,0.03,0.8,0.03,0.01,0.0,1.0,0.07,0.06,0.05,2.92,0.08,0.06,0.0,0.08,0.01,0.04,0.01,0.11,0.11
19,94,Plasma,Plasma IGHG-high,-1.17,-0.77,-1.31,-0.37,-0.59,-0.25,-0.31,-0.69,1.55,3.01,-0.35,-0.18,-0.37,-0.36,-0.0,-1.93,0.24,0.14,0.44,0.23,0.05,0.14,0.0,0.04,0.01,0.15,0.41,1.63,0.0,0.47,0.21,0.17,0.0,0.0,0.02,2.37,4.57,4.75,7.85,0.04,0.0,0.16,0.0,0.03,0.28,0.0,0.0,0.0,0.0,1.52,0.0,0.0,0.0,0.05,0.04,0.0,0.0,2.86,0.0,0.13,0.17,0.76,0.02,0.0,0.07,1.28,0.37,0.34,0.33,0.98,0.06,0.09,0.03,0.18,0.04,0.08,0.03,0.17,0.22
