level,analysis,cell_type,n_biopsies_test,n_biopsies_ref,mean_prop_Post,mean_prop_Pre,log_odds_ratio,se,odds_ratio,p_value,p_adj_BH,significant,direction,contrast,mean_prop_Responder,mean_prop_Non-responder
cell_type,treatment,cDC,29,19,0.0198124854576632,0.0134901329669012,0.7585637000066271,0.400122844218354,2.135207218906573,0.0579829215178416,0.4419308444235181,False,expands,Post vs Pre,,
cell_type,treatment,pDC,29,19,0.0219830773072816,0.015688942238927,0.6473837732620932,0.4169309747887849,1.910535889762175,0.1204861955799438,0.4419308444235181,False,expands,Post vs Pre,,
cell_type,treatment,CD4 T,29,19,0.1896135371353636,0.2331787359513207,-0.3044276415042494,0.2241323842359575,0.7375453939791043,0.1743846096276805,0.4419308444235181,False,contracts,Post vs Pre,,
cell_type,treatment,gdT,29,19,0.0304541991416552,0.020479470071705,0.5159938072924188,0.4411229382343005,1.6753026027063351,0.2421104874949888,0.4419308444235181,False,expands,Post vs Pre,,
cell_type,treatment,Monocyte/Macrophage,29,19,0.074542865462723,0.049229994376501,0.7989674020603356,0.8016860974614562,2.223244025607752,0.3189544434246076,0.4419308444235181,False,expands,Post vs Pre,,
cell_type,treatment,NK,29,19,0.0350937670142242,0.0473193600749408,-0.2539308894678249,0.2571779131964135,0.7757454123722171,0.3234591262247028,0.4419308444235181,False,contracts,Post vs Pre,,
cell_type,treatment,Plasma,29,19,0.0303971518161566,0.0317127162373215,0.4215553116453824,0.4437115522543483,1.5243305219128012,0.3420786582812869,0.4419308444235181,False,expands,Post vs Pre,,
cell_type,treatment,CD8 T,29,19,0.4041008857564237,0.4039998482395819,-0.1760256511350721,0.1893379906313027,0.8385964721098044,0.3525315735610642,0.4419308444235181,False,contracts,Post vs Pre,,
cell_type,treatment,Cycling T,29,19,0.0600764244577656,0.0520577186083513,0.2769396843659589,0.3035424585988469,1.3190868070783837,0.3615797818010603,0.4419308444235181,False,expands,Post vs Pre,,
cell_type,treatment,Treg,29,19,0.0548023282144266,0.0576421244631321,-0.0902873996407027,0.1399629790467561,0.9136685595180354,0.518874968339286,0.5707624651732146,False,contracts,Post vs Pre,,
cell_type,treatment,B,29,19,0.079123278236316,0.0752009567713172,0.0859496781675213,0.5699210033089719,1.0897514886334694,0.880125747596541,0.880125747596541,False,expands,Post vs Pre,,
cell_type,response_baseline,CD4 T,9,10,,,1.1572842662187743,0.2526613967928627,3.1812820191308715,4.641401381661788e-06,5.105541519827967e-05,True,expands,Responder vs Non-responder,0.3316690937832826,0.144537413902555
cell_type,response_baseline,Cycling T,9,10,,,-1.6094504248683266,0.3706473972170836,0.1999974975288108,1.4101920451745432e-05,7.756056248459988e-05,True,contracts,Responder vs Non-responder,0.0210002923005423,0.0800094022853794
cell_type,response_baseline,pDC,9,10,,,-1.5863556738781832,0.4566702368720354,0.2046701389940222,0.0005132497191061,0.0016035120363448,True,contracts,Responder vs Non-responder,0.0055894305289678,0.0247785027778902
cell_type,response_baseline,B,9,10,,,2.316405850743453,0.673499459807377,10.139167059377852,0.0005830952859435,0.0016035120363448,True,expands,Responder vs Non-responder,0.1369490156867134,0.0196277037474605
cell_type,response_baseline,Monocyte/Macrophage,9,10,,,-1.834128557217976,0.5886979770464904,0.1597526564260022,0.0018359103681773,0.0040390028099901,True,contracts,Responder vs Non-responder,0.0178371384802872,0.0774835646830934
cell_type,response_baseline,cDC,9,10,,,-1.3847589452441729,0.4846799899181934,0.250384148807549,0.0042758741196527,0.0078391025526967,True,contracts,Responder vs Non-responder,0.0058742333332166,0.0203444426372173
cell_type,response_baseline,CD8 T,9,10,,,-0.7128750825572744,0.2628351306764268,0.4902327098484585,0.0066827786937545,0.0105015093759,True,contracts,Responder vs Non-responder,0.3272376569110492,0.4730858204352612
cell_type,response_baseline,Treg,9,10,,,0.4122499318415631,0.2567119555149225,1.5102118391904036,0.1082991343779907,0.1489113097697373,False,expands,Responder vs Non-responder,0.0692064599014216,0.0472342225686715
cell_type,response_baseline,NK,9,10,,,-0.4160372062508672,0.4227369500342637,0.659655726711347,0.3250410251305065,0.3972723640483968,False,contracts,Responder vs Non-responder,0.0419291699470656,0.0521705311900284
cell_type,response_baseline,gdT,9,10,,,-0.1819065137849283,0.3176167013455748,0.8336792742927442,0.5668319980670149,0.6235151978737165,False,contracts,Responder vs Non-responder,0.0195555246779225,0.0213110209261093
cell_type,response_baseline,Plasma,9,10,,,-0.3462343887304299,0.9235666884719086,0.7073466735860549,0.707743506232843,0.707743506232843,False,contracts,Responder vs Non-responder,0.0231519844495306,0.0394173748463333
cell_type,response_ontreatment,Monocyte/Macrophage,8,21,,,-1.7270801476953774,0.6711408256569815,0.1778028107214128,0.0100719337103831,0.1107912708142149,False,contracts,Responder vs Non-responder,0.0204832555487969,0.0951370025727901
cell_type,response_ontreatment,Plasma,8,21,,,1.2348871529222876,0.5610013903455217,3.437990531629122,0.0277204944106864,0.1227072827225845,False,expands,Responder vs Non-responder,0.0639510288099834,0.017614722485175
cell_type,response_ontreatment,B,8,21,,,1.3331816632043845,0.6269511455136366,3.793092552216638,0.0334656225607048,0.1227072827225845,False,expands,Responder vs Non-responder,0.1466984772440183,0.0533803452810008
cell_type,response_ontreatment,Treg,8,21,,,-0.3454318361668359,0.1758677677215836,0.707914584330921,0.0495119344330544,0.1228361840610578,False,contracts,Responder vs Non-responder,0.0405810182936881,0.0602199700889937
cell_type,response_ontreatment,Cycling T,8,21,,,-1.2083423333602574,0.6318710813186896,0.2986920010405298,0.0558346291186626,0.1228361840610578,False,contracts,Responder vs Non-responder,0.0238356037321226,0.0738824514008677
cell_type,response_ontreatment,gdT,8,21,,,-0.8213448803819446,0.5077273646472846,0.4398397247408498,0.1057296770218436,0.1515501721664152,False,contracts,Responder vs Non-responder,0.0160744863848036,0.0359321849537892
cell_type,response_ontreatment,CD4 T,8,21,,,0.2550566560928811,0.158411242126567,1.2905347354575154,0.1073777975100321,0.1515501721664152,False,expands,Responder vs Non-responder,0.2174088028903454,0.1790248644667992
cell_type,response_ontreatment,cDC,8,21,,,-0.6221074249793763,0.3894956711119137,0.5368119537808459,0.1102183070301202,0.1515501721664152,False,contracts,Responder vs Non-responder,0.0116591013347266,0.0229185365521152
cell_type,response_ontreatment,pDC,8,21,,,-0.6554211727362189,0.5823118766406329,0.5192233338167718,0.2603560129861881,0.3182129047608966,False,contracts,Responder vs Non-responder,0.0118186515762018,0.0258552394905501
cell_type,response_ontreatment,NK,8,21,,,0.0758623831902545,0.4024412431579751,1.07881410098643,0.8504804133335611,0.9355284546669173,False,expands,Responder vs Non-responder,0.0365932019136615,0.0345225537192005
cell_type,response_ontreatment,CD8 T,8,21,,,-0.0181975369912581,0.3921168469113752,0.9819670383841614,0.9629846977684532,0.9629846977684532,False,contracts,Responder vs Non-responder,0.4108963722716512,0.401512128988718
cell_state,treatment,CD8 interferon-stimulated,29,19,0.0171576679870989,0.0352347633501779,-0.8602480862267288,0.3779035059504795,0.423057114654506,0.0228238922847505,0.3236734195755363,False,contracts,Post vs Pre,,
cell_state,treatment,cDC (CD1C+),29,19,0.0198124854576632,0.0134901329669012,0.7585637000066271,0.400122844218354,2.135207218906573,0.0579829215178416,0.3236734195755363,False,expands,Post vs Pre,,
cell_state,treatment,CD4 memory activated,29,19,0.0197896846132648,0.0293268785715905,-0.4452733176360681,0.235808525316767,0.6406491513894754,0.05898791820756,0.3236734195755363,False,contracts,Post vs Pre,,
cell_state,treatment,CD4 memory IL7R+ TCF7+,29,19,0.1008923252603537,0.1531795794390488,-0.4839744790031817,0.259962844378997,0.6163289310402654,0.0626444925707416,0.3236734195755363,False,contracts,Post vs Pre,,
cell_state,treatment,CD8 effector cytotoxic,29,19,0.0202652109740685,0.0345031947804525,-0.612227221467121,0.3383290152736063,0.542142053004964,0.070363786864247,0.3236734195755363,False,contracts,Post vs Pre,,
cell_state,treatment,pDC,29,19,0.0219830773072816,0.015688942238927,0.6473837732620932,0.4169309747887849,1.910535889762175,0.1204861955799438,0.4618637497231182,False,expands,Post vs Pre,,
cell_state,treatment,NK CD16+,29,19,0.0129398050291582,0.0199912173681474,-0.4206777918481391,0.3469795720967286,0.6566016297268902,0.2253595670670122,0.6113293498971647,False,contracts,Post vs Pre,,
cell_state,treatment,CD4 CXCL13+ (Tfh-like),29,19,0.068931527261745,0.0506722779406813,0.2170123800986551,0.181597856052256,1.2423594825755175,0.2320807002681075,0.6113293498971647,False,expands,Post vs Pre,,
cell_state,treatment,gamma-delta T,29,19,0.0304541991416552,0.020479470071705,0.5159938072924188,0.4411229382343005,1.6753026027063351,0.2421104874949888,0.6113293498971647,False,expands,Post vs Pre,,
cell_state,treatment,NK CD16+ cytotoxic,29,19,0.0081765524432438,0.0109057585664553,-0.3326477003529677,0.3145698141776982,0.7170227565283084,0.290297778752395,0.6113293498971647,False,contracts,Post vs Pre,,
cell_state,treatment,Plasma,29,19,0.0234465545663707,0.0237283371462784,0.4692519727866978,0.4548134497996751,1.5987978015422597,0.30219110641179,0.6113293498971647,False,expands,Post vs Pre,,
cell_state,treatment,Monocyte/Macrophage,29,19,0.074542865462723,0.049229994376501,0.7989674020603356,0.8016860974614562,2.223244025607752,0.3189544434246076,0.6113293498971647,False,expands,Post vs Pre,,
cell_state,treatment,Cycling T,29,19,0.0600764244577656,0.0520577186083513,0.2769396843659589,0.3035424585988469,1.3190868070783837,0.3615797818010603,0.6397180754941837,False,expands,Post vs Pre,,
cell_state,treatment,Treg,29,19,0.0548023282144266,0.0576421244631321,-0.0902873996407027,0.1399629790467561,0.9136685595180354,0.518874968339286,0.8524374479859699,False,contracts,Post vs Pre,,
cell_state,treatment,Plasma IGHG-high,29,19,0.0069505972497858,0.007984379091043,0.2676344399499106,0.4666735383974747,1.3068693134714169,0.5663103101863385,0.8586246317833137,False,expands,Post vs Pre,,
cell_state,treatment,CD8 exhausted CXCL13-high,29,19,0.0206850239152085,0.0223376708805077,-0.1292742813667587,0.2557020860888471,0.878732912424669,0.61316135352382,0.8586246317833137,False,contracts,Post vs Pre,,
cell_state,treatment,CD8 effector-memory GZMK+,29,19,0.0951144394028557,0.0918271543006141,-0.087980242282698,0.1851387806540859,0.9157789702465868,0.6346355974050579,0.8586246317833137,False,contracts,Post vs Pre,,
cell_state,treatment,B (CD79A+ MS4A1-low),29,19,0.0147296459903345,0.0180865251800074,-0.1728559537030142,0.5608441145718712,0.8412587863302394,0.7579250004204572,0.9310775433877022,False,contracts,Post vs Pre,,
cell_state,treatment,B naive/memory,29,19,0.0643936322459815,0.0571144315913097,0.1517421149929989,0.5742429289653477,1.1638600556691123,0.7915894040710956,0.9310775433877022,False,expands,Post vs Pre,,
cell_state,treatment,CD8 exhausted CXCL13+,29,19,0.183566513121524,0.1554982171333065,0.0525277896435747,0.2180481381310826,1.0539318500620494,0.8096326464240888,0.9310775433877022,False,expands,Post vs Pre,,
cell_state,treatment,CD8 exhausted,29,19,0.0318157605732958,0.033409064059069,-0.0362037100382897,0.2455029400255159,0.9644438065858578,0.8827630136706387,0.966835681639271,False,contracts,Post vs Pre,,
cell_state,treatment,CD8 transitional,29,19,0.0354962697823721,0.0311897837354538,0.0302396666611983,0.435686668569414,1.0307015291482609,0.9446657264854236,0.9876050776893064,False,expands,Post vs Pre,,
cell_state,treatment,NK XCL1+ KLRC1-high,29,19,0.0139774095418221,0.016422384140338,-0.0012377728579784,0.2298433960760899,0.9987629928668816,0.9957031827042871,0.9957031827042871,False,contracts,Post vs Pre,,
cell_state,response_baseline,CD4 memory IL7R+ TCF7+,9,10,,,1.4013742321977318,0.2099546533485845,4.0607765841132295,2.4781962774365104e-11,5.699851438103973e-10,True,expands,Responder vs Non-responder,0.2380294232219867,0.0768147200344047
cell_state,response_baseline,Cycling T,9,10,,,-1.6094504248683266,0.3706473972170836,0.1999974975288108,1.4101920451745432e-05,0.000162172085195,True,contracts,Responder vs Non-responder,0.0210002923005423,0.0800094022853794
cell_state,response_baseline,CD4 memory activated,9,10,,,1.0077351076718306,0.2545522964477892,2.739389561134174,7.531058780247531e-05,0.0005773811731523,True,expands,Responder vs Non-responder,0.044020926750057,0.0161022352109707
cell_state,response_baseline,B naive/memory,9,10,,,2.3548364536284003,0.6515613588490461,10.536405529882868,0.0003013417720869,0.0017327151894997,True,expands,Responder vs Non-responder,0.1046968367200921,0.0142902669754055
cell_state,response_baseline,pDC,9,10,,,-1.5863556738781832,0.4566702368720354,0.2046701389940222,0.0005132497191061,0.0023609487078882,True,contracts,Responder vs Non-responder,0.0055894305289678,0.0247785027778902
cell_state,response_baseline,Monocyte/Macrophage,9,10,,,-1.834128557217976,0.5886979770464904,0.1597526564260022,0.0018359103681773,0.0070376564113463,True,contracts,Responder vs Non-responder,0.0178371384802872,0.0774835646830934
cell_state,response_baseline,cDC (CD1C+),9,10,,,-1.3847589452441729,0.4846799899181934,0.250384148807549,0.0042758741196527,0.0140493006788591,True,contracts,Responder vs Non-responder,0.0058742333332166,0.0203444426372173
cell_state,response_baseline,CD8 interferon-stimulated,9,10,,,-1.147174963520574,0.4130770934543676,0.3175325445062301,0.0054838717289744,0.0157661312208015,True,contracts,Responder vs Non-responder,0.0173383969159401,0.051341493140992
cell_state,response_baseline,CD8 exhausted CXCL13+,9,10,,,-0.7455044378818597,0.2834882913934413,0.4744948863649196,0.0085446700996669,0.0213112563830841,True,contracts,Responder vs Non-responder,0.1123077557609193,0.194369632368455
cell_state,response_baseline,B (CD79A+ MS4A1-low),9,10,,,1.9843231715941283,0.7625883288736631,7.274122386292929,0.0092657636448191,0.0213112563830841,True,expands,Responder vs Non-responder,0.0322521789666213,0.005337436772055
cell_state,response_baseline,CD8 exhausted CXCL13-high,9,10,,,-0.6650405281096147,0.3186801753673267,0.5142526855950778,0.0369009001481111,0.0771564275824142,False,contracts,Responder vs Non-responder,0.0142127874601207,0.0296500659588559
cell_state,response_baseline,CD8 effector cytotoxic,9,10,,,-0.8897315759607117,0.51532979513944,0.4107659974237543,0.0842523773737114,0.1614837232996136,False,contracts,Responder vs Non-responder,0.0249086819577556,0.0431382563208797
cell_state,response_baseline,Treg,9,10,,,0.4122499318415631,0.2567119555149225,1.5102118391904036,0.1082991343779907,0.191606160822599,False,expands,Responder vs Non-responder,0.0692064599014216,0.0472342225686715
cell_state,response_baseline,NK CD16+,9,10,,,-0.6501979713255989,0.4612061890545871,0.5219424368960699,0.1586054799991968,0.2605661457129662,False,contracts,Responder vs Non-responder,0.0153208066726548,0.0241945869940906
cell_state,response_baseline,CD8 exhausted,9,10,,,-0.4646862618103012,0.4142112343731046,0.6283322060778505,0.2619227440016082,0.3895104165331802,False,contracts,Responder vs Non-responder,0.0316514077129473,0.0349909547705785
cell_state,response_baseline,NK CD16+ cytotoxic,9,10,,,-0.5754207439686626,0.5357545853215746,0.5624681639268353,0.2828056834401755,0.3895104165331802,False,contracts,Responder vs Non-responder,0.0093069906792543,0.0123446496649362
cell_state,response_baseline,CD8 effector-memory GZMK+,9,10,,,0.278925523654898,0.262458380212382,1.321708904155399,0.2878990035245244,0.3895104165331802,False,expands,Responder vs Non-responder,0.1030604413693362,0.0817171959387642
cell_state,response_baseline,gamma-delta T,9,10,,,-0.1819065137849283,0.3176167013455748,0.8336792742927442,0.5668319980670149,0.7207170701752361,False,contracts,Responder vs Non-responder,0.0195555246779225,0.0213110209261093
cell_state,response_baseline,CD8 transitional,9,10,,,-0.3091045080391881,0.5820484206912334,0.7341040462427743,0.5953749710143255,0.7207170701752361,False,contracts,Responder vs Non-responder,0.0237581857340296,0.0378782219367356
cell_state,response_baseline,Plasma,9,10,,,-0.4299647225904975,0.9151521182899764,0.6505320434038189,0.6384774137027487,0.734249025758161,False,contracts,Responder vs Non-responder,0.0161825678489226,0.0305195295138986
cell_state,response_baseline,CD4 CXCL13+ (Tfh-like),9,10,,,0.1032471094095805,0.3719239469815603,1.108765361580356,0.7813173230900019,0.8557284967176212,False,expands,Responder vs Non-responder,0.0496187438112388,0.0516204586571795
cell_state,response_baseline,Plasma IGHG-high,9,10,,,-0.0938132658086743,0.9325921996917188,0.910452759027864,0.919872686584408,0.9280870873618952,False,contracts,Responder vs Non-responder,0.006969416600608,0.0088978453324346
cell_state,response_baseline,NK XCL1+ KLRC1-high,9,10,,,-0.0443989482263804,0.4919450571521086,0.9565722585331052,0.9280870873618952,0.9280870873618952,False,contracts,Responder vs Non-responder,0.0173013725951564,0.0156312945310014
cell_state,response_ontreatment,CD8 interferon-stimulated,8,21,,,-1.6912560123105136,0.589367279974904,0.1842879106843562,0.0041097444778118,0.0807758224978177,False,contracts,Responder vs Non-responder,0.0043476615170144,0.022037670451893
cell_state,response_ontreatment,Monocyte/Macrophage,8,21,,,-1.7270801476953774,0.6711408256569815,0.1778028107214128,0.0100719337103831,0.0807758224978177,False,contracts,Responder vs Non-responder,0.0204832555487969,0.0951370025727901
cell_state,response_ontreatment,B (CD79A+ MS4A1-low),8,21,,,0.8041266366481291,0.3143915180736116,2.234743902855652,0.0105359768475414,0.0807758224978177,False,expands,Responder vs Non-responder,0.0247678451450319,0.0109055701218783
cell_state,response_ontreatment,Plasma IGHG-high,8,21,,,1.052201094082485,0.4800138305160019,2.8639480045064127,0.0283778854410805,0.1605245587161551,False,expands,Responder vs Non-responder,0.0134871408684797,0.0044604853950453
cell_state,response_ontreatment,Plasma,8,21,,,1.2730893934449954,0.6076603733440896,3.571870447448035,0.0361650079921703,0.1605245587161551,False,expands,Responder vs Non-responder,0.0504638879415036,0.0131542370901296
cell_state,response_ontreatment,B naive/memory,8,21,,,1.4067964908159638,0.7016313708893945,4.0828549682037085,0.0449591477495798,0.1605245587161551,False,expands,Responder vs Non-responder,0.1219306320989863,0.0424747751591225
cell_state,response_ontreatment,Treg,8,21,,,-0.3454318361668359,0.1758677677215836,0.707914584330921,0.0495119344330544,0.1605245587161551,False,contracts,Responder vs Non-responder,0.0405810182936881,0.0602199700889937
cell_state,response_ontreatment,Cycling T,8,21,,,-1.2083423333602574,0.6318710813186896,0.2986920010405298,0.0558346291186626,0.1605245587161551,False,contracts,Responder vs Non-responder,0.0238356037321226,0.0738824514008677
cell_state,response_ontreatment,CD4 memory IL7R+ TCF7+,8,21,,,0.4748786413322314,0.2673558671148635,1.6078190628659013,0.0756992494607393,0.1934536375107783,False,expands,Responder vs Non-responder,0.1322289528168863,0.0889545623816746
cell_state,response_ontreatment,CD8 effector cytotoxic,8,21,,,-0.7375566207341331,0.4392327665187052,0.4782811111397724,0.0931144207738405,0.2112517551410637,False,contracts,Responder vs Non-responder,0.011347390658187,0.0236624758563091
cell_state,response_ontreatment,gamma-delta T,8,21,,,-0.8213448803819446,0.5077273646472846,0.4398397247408498,0.1057296770218436,0.2112517551410637,False,contracts,Responder vs Non-responder,0.0160744863848036,0.0359321849537892
cell_state,response_ontreatment,cDC (CD1C+),8,21,,,-0.6221074249793763,0.3894956711119137,0.5368119537808459,0.1102183070301202,0.2112517551410637,False,contracts,Responder vs Non-responder,0.0116591013347266,0.0229185365521152
cell_state,response_ontreatment,CD8 exhausted CXCL13-high,8,21,,,-0.4435744666071869,0.3555644658501966,0.6417384438703078,0.2122061864462416,0.3754417144818122,False,contracts,Responder vs Non-responder,0.0166063885433687,0.0222387897711475
cell_state,response_ontreatment,pDC,8,21,,,-0.6554211727362189,0.5823118766406329,0.5192233338167718,0.2603560129861881,0.4277277356201662,False,contracts,Responder vs Non-responder,0.0118186515762018,0.0258552394905501
cell_state,response_ontreatment,NK CD16+ cytotoxic,8,21,,,-0.5412455019395342,0.5262854347964644,0.5820228901092211,0.3037495930221231,0.4657493759672554,False,contracts,Responder vs Non-responder,0.0059491292832468,0.0090250945994331
cell_state,response_ontreatment,CD8 transitional,8,21,,,0.7769513936585731,0.8604036638420792,2.1748319423245546,0.3665216478646852,0.5268748688054851,False,expands,Responder vs Non-responder,0.0572073455846601,0.0272253837624528
cell_state,response_ontreatment,NK XCL1+ KLRC1-high,8,21,,,0.2788945897917286,0.3558589279410852,1.321668019225376,0.4332030542604302,0.5860982498817586,False,expands,Responder vs Non-responder,0.0162260822891373,0.0131207723047497
cell_state,response_ontreatment,CD8 exhausted,8,21,,,-0.2308300704897597,0.4110211465462258,0.7938743572546393,0.5743875945784074,0.7339397041835205,False,contracts,Responder vs Non-responder,0.0271085829904546,0.0336089710810448
cell_state,response_ontreatment,CD4 memory activated,8,21,,,-0.0953477536144016,0.2965546184100708,0.9090567517234636,0.7478176034144592,0.8761739750603058,False,contracts,Responder vs Non-responder,0.0181023738797238,0.0204324696546138
cell_state,response_ontreatment,NK CD16+,8,21,,,0.1576328572883693,0.520241695614575,1.1707362884984691,0.7618904130959181,0.8761739750603058,False,expands,Responder vs Non-responder,0.0144179903412773,0.0123766868150176
cell_state,response_ontreatment,CD4 CXCL13+ (Tfh-like),8,21,,,-0.0665926910155094,0.2698497217546623,0.9355761923297936,0.8050808509114927,0.8817552176649682,False,contracts,Responder vs Non-responder,0.0670774761937352,0.0696378324305107
cell_state,response_ontreatment,CD8 exhausted CXCL13+,8,21,,,0.0635406775342185,0.4186873157595094,1.0656028310154946,0.8793749312098078,0.9193465189920718,False,expands,Responder vs Non-responder,0.1942147089892587,0.1795100575528632
cell_state,response_ontreatment,CD8 effector-memory GZMK+,8,21,,,0.0144318609660802,0.2985103626781336,1.0145365030589404,0.9614402838562172,0.9614402838562172,False,expands,Responder vs Non-responder,0.1000642939887074,0.0932287805130074
