cell_type,gene,scores,log2FC,p_value,p_adj_BH,pct_in_group,pct_in_rest
B,CD79A,45.839863,9.341302,0.0,0.0,0.8612132352941176,0.06418188594856504
B,MS4A1,43.876995,10.806287,0.0,0.0,0.8152573529411765,0.03615355944837868
B,CTA-250D10.23,43.77371,6.995021,0.0,0.0,0.8244485294117647,0.05367126351099515
B,IGHM,43.4977,10.662888,0.0,0.0,0.8143382352941176,0.06798360044726053
B,BCL11A,43.259552,8.413402,0.0,0.0,0.8354779411764706,0.06440551621319418
B,CD74,43.216682,3.3623989,0.0,0.0,0.9935661764705882,0.9365635482668655
B,HLA-DRA,41.52032,6.813083,0.0,0.0,0.9375,0.5079388743943347
B,CD22,40.080128,10.200182,0.0,0.0,0.7389705882352942,0.01729407379798733
B,BANK1,39.90216,9.448196,0.0,0.0,0.7398897058823529,0.024897502795378307
B,CD19,38.52981,10.078364,0.0,0.0,0.7113970588235294,0.01960491986582184
B,IRF8,38.412212,6.7674904,0.0,0.0,0.8125,0.19090570257174805
B,CD37,35.741375,3.3473725,9.006668184814627e-280,1.831455938336583e-276,0.9319852941176471,0.7199403652627656
B,CD79B,35.680565,7.0217695,7.914721828815015e-279,1.480561052503513e-275,0.7178308823529411,0.12113306000745434
B,HLA-DQB1,35.30519,5.143086,4.888292214926817e-273,8.520060554797684e-270,0.8841911764705882,0.41453596720089453
B,HLA-DPA1,35.295624,4.5467134,6.8545703826038e-273,1.1404135688366557e-269,0.9310661764705882,0.616846813268729
B,FCRL1,34.79693,9.84739,2.7069312914252187e-265,4.1282957970310777e-262,0.640625,0.010361535594483787
B,CD83,34.756443,5.9300404,1.1076838341292553e-264,1.6217377478719602e-261,0.7720588235294118,0.19746552366753634
B,NCF1C,34.682453,5.9653153,1.4488163623113353e-263,2.0395990958969037e-260,0.7040441176470589,0.10145359672008945
B,FGD2,34.596348,5.2307935,2.867041751523278e-262,3.8866467477501856e-259,0.7536764705882353,0.158777487886694
B,PAX5,34.52895,9.298331,2.951015930395075e-261,3.857610181582877e-258,0.6360294117647058,0.011032426388371225
B,HLA-DQA1,34.187405,5.2913103,3.721104907175806e-256,4.539996060414962e-253,0.8419117647058824,0.3334327245620574
B,IGHD,34.06976,10.3991165,2.0695359870439516e-254,2.44352116767041e-251,0.625,0.007901602683563175
B,ADAM28,33.800873,6.645933,1.9148696704151232e-250,2.1238805962586164e-247,0.6691176470588235,0.08080506895266493
B,NCF1,33.028397,5.786724,3.178003742679025e-239,3.3234655139867902e-236,0.6957720588235294,0.1395452851285874
B,IGKC,32.991825,8.37523,1.063986505990751e-238,1.081778724785374e-235,0.6654411764705882,0.10682072307118896
CD4 T,IL7R,38.83814,4.3085475,0.0,0.0,0.6747028862478778,0.257916594566534
CD4 T,EEF1A1,33.40613,0.55429685,1.1168396714187058e-244,2.7252377102178312e-241,1.0,0.9993943588856203
CD4 T,TCF7,29.607662,2.987189,1.1906735542569573e-192,2.1790516716456574e-189,0.5483870967741935,0.22192420834054336
CD4 T,SPOCK2,28.713263,2.5240293,2.606050545458487e-181,3.9744442527029815e-178,0.7650254668930391,0.4704966257137913
CD4 T,RPL13,27.333755,0.60386956,1.68472727203095e-164,2.283866207810253e-161,0.9969439728353141,0.9936840283786122
CD4 T,TMEM66,27.254232,1.2664737,1.480598543643168e-163,1.9354595676581156e-160,0.9378607809847198,0.8880429139989617
CD4 T,CD4,26.824865,2.9578722,1.6573893464229579e-158,2.0221254952591034e-155,0.53106960950764,0.2272884582107631
CD4 T,RPL3,26.027668,0.6177742,2.4085380816250818e-149,2.754915964488789e-146,0.9925297113752122,0.9861567745284652
CD4 T,EEF1A1P5,25.549854,0.6010239,5.511186942338468e-144,5.932954837160959e-141,0.9928692699490662,0.9900501816923343
CD4 T,TNFRSF25,25.15294,3.3471577,1.3123068219651667e-139,1.3723729799305438e-136,0.4166383701188455,0.13038587991001904
CD4 T,RPS3,24.79124,0.5960976,1.1143746158790216e-135,1.1023875592001068e-132,0.9949066213921901,0.9884062986675896
CD4 T,RPS6,24.57732,0.5758661,2.2083254082445466e-133,2.1270822787517603e-130,0.9908319185059423,0.9846859318221145
CD4 T,RPS14,24.294537,0.61888975,2.2390973543305406e-130,2.0488860340801613e-127,0.9826825127334465,0.9761204360616024
CD4 T,RPL4,24.20592,0.77557856,1.927308690292801e-129,1.7205695776121243e-126,0.9731748726655348,0.951548710849628
CD4 T,RPLP1,24.006752,0.5030713,2.3640425023122517e-127,2.0602067540388817e-124,0.9952461799660441,0.9896175808963489
CD4 T,RPL13A,23.56133,0.5032748,9.608331735816648e-123,7.815203515430244e-120,0.99830220713073,0.9964526734729192
CD4 T,PBXIP1,22.485416,1.9437815,5.765595894954884e-112,4.396507103065389e-109,0.6628183361629881,0.43926284824364076
CD4 T,TPT1,22.389696,0.5291204,4.95966561984783e-111,3.704769000360618e-108,0.9830220713073005,0.97767779892715
CD4 T,EEF1G,22.383297,0.8867671,5.725229228611699e-111,4.191096804512908e-108,0.9419354838709677,0.9035300224952414
CD4 T,DGKA,22.363382,2.2650054,8.946740707571451e-111,6.4209530074221626e-108,0.6037351443123938,0.39851185326181
CD4 T,RPS3A,22.348734,0.50439376,1.2421873279632734e-110,8.743565495790717e-108,0.9898132427843803,0.9864163350060564
CD4 T,RPS4X,22.248169,0.52536273,1.1749050093006452e-109,8.113938330268342e-107,0.9813242784380306,0.9749956739920401
CD4 T,RPL7,22.194212,0.6481257,3.9064325668872497e-109,2.5996953602401295e-106,0.9701188455008489,0.9558747188094826
CD4 T,RPS27A,22.10215,0.579266,3.0136993246586367e-108,1.9697754050206328e-105,0.9643463497453311,0.9561342792870738
CD4 T,FXYD5,21.565706,1.444979,3.7711079888329484e-103,2.226291848504251e-100,0.7568760611205433,0.6530541616196573
CD8 T,CCL5,75.15363,7.0288124,0.0,0.0,0.970112517580872,0.4467385138967669
CD8 T,CD8A,74.7629,7.805076,0.0,0.0,0.8488045007032349,0.18570618264322178
CD8 T,NKG7,64.71369,7.026357,0.0,0.0,0.8846694796061885,0.3145774248440159
CD8 T,KLRK1,57.757767,5.532706,0.0,0.0,0.8201476793248945,0.3031196823596143
CD8 T,CD8B,54.29623,5.7583838,0.0,0.0,0.635548523206751,0.12229154849688031
CD8 T,CST7,53.090424,4.637911,0.0,0.0,0.8384317862165963,0.41293250141803745
CD8 T,PRF1,47.606606,4.3221555,0.0,0.0,0.7385724331926864,0.31752694271128756
CD8 T,GZMA,46.477127,4.722772,0.0,0.0,0.7324191279887482,0.299149177538287
CD8 T,CCL4,43.953316,4.616253,0.0,0.0,0.6824894514767933,0.2780487804878049
CD8 T,CD3G,43.274315,3.2294233,0.0,0.0,0.9135021097046413,0.59126488939308
CD8 T,TRBC2,42.064884,3.3199475,0.0,0.0,0.9875175808720112,0.735677821894498
CD8 T,CCL4L1,39.635426,3.4452856,0.0,0.0,0.635548523206751,0.26057855927396484
CD8 T,CTSW,38.795647,3.6925626,0.0,0.0,0.6088255977496484,0.2558139534883721
CD8 T,GZMH,38.18352,4.2344246,0.0,0.0,0.5265471167369902,0.1676687464549064
CD8 T,GZMK,37.223377,3.8153772,2.8575573535671667e-303,6.972820950351029e-300,0.5789381153305204,0.2267725467952354
CD8 T,CD3E,36.787655,2.4811316,2.908628108311202e-296,6.653850376275413e-293,0.8646272855133614,0.5669880884855361
CD8 T,TRAC,36.658794,3.3079493,3.3142290271693014e-294,7.135730050144163e-291,0.9119198312236287,0.6100964265456608
CD8 T,HLA-A,34.842957,0.74555856,5.443407904671862e-266,1.0486295585621025e-262,0.9980661040787623,0.9960294951786727
CD8 T,FYN,34.51659,2.575955,4.522864150773556e-261,8.277293682330685e-258,0.8321026722925458,0.5708451503119683
CD8 T,APOBEC3G,34.161343,2.653626,9.073559896020213e-256,1.5814782824482467e-252,0.7071026722925458,0.47385138967668744
CD8 T,CD3D,33.612213,2.9957695,1.1124538124338323e-247,1.7703493235957883e-244,0.8059071729957806,0.5210436755530345
CD8 T,KLRC4-KLRK1,33.5656,2.8979752,5.3308024757298784e-247,8.129918009027709e-244,0.4931434599156118,0.1719795802609189
CD8 T,CCL4L2,33.165993,2.7783463,3.330910075527619e-241,4.8767188233784765e-238,0.5279535864978903,0.20805445263754963
CD8 T,LYST,33.13928,2.260191,8.082052485955487e-241,1.1377664811190104e-237,0.7294303797468354,0.5128757799205899
CD8 T,CBLB,32.328323,2.225267,2.7984455460710637e-229,3.793655699159003e-226,0.7672292545710268,0.53908111174135
Cycling T,STMN1,46.84492,9.936239,0.0,0.0,0.9792147806004619,0.11769450758964582
Cycling T,HMGN2,45.88011,5.203568,0.0,0.0,0.9988452655889145,0.717166532228496
Cycling T,TUBB,44.799057,7.3701806,0.0,0.0,0.9826789838337182,0.4192271027352057
Cycling T,TUBA1B,44.27732,6.936831,0.0,0.0,0.9849884526558892,0.5672801935909657
Cycling T,HMGB2,42.578316,7.1026735,0.0,0.0,0.9757505773672055,0.3740558773923884
Cycling T,RP11-386G11.10,42.342567,6.261396,0.0,0.0,0.9849884526558892,0.49754344797242794
Cycling T,TYMS,42.017628,9.742632,0.0,0.0,0.8706697459584296,0.045537874899171375
Cycling T,MKI67,40.88879,8.442702,0.0,0.0,0.8498845265588915,0.03248515069296766
Cycling T,RPL12P38,40.80072,3.0742588,0.0,0.0,0.9711316397228638,0.4439392828334678
Cycling T,RRM2,40.499332,11.196944,0.0,0.0,0.8279445727482679,0.019799076043117987
Cycling T,H2AFZ,40.351315,6.060905,0.0,0.0,0.9849884526558892,0.49644349930336584
Cycling T,HMGN2P5,39.921036,4.9535217,0.0,0.0,0.9330254041570438,0.3686294639583486
Cycling T,HMGB1P5,39.759678,4.1129737,0.0,0.0,0.9896073903002309,0.6310038864852974
Cycling T,KIAA0101,39.546837,9.289087,0.0,0.0,0.825635103926097,0.05741732052504216
Cycling T,NUSAP1,39.459812,7.7252955,0.0,0.0,0.8660508083140878,0.10684168072156633
Cycling T,HMGB1,38.656456,3.619286,0.0,0.0,1.0,0.7913764024345531
Cycling T,TOP2A,38.349163,8.932273,0.0,0.0,0.7956120092378753,0.033731759184571386
Cycling T,CKS1B,38.01139,7.6309347,0.0,0.0,0.825635103926097,0.08528268680794897
Cycling T,RP5-940J5.9,37.488453,2.4497464,1.4206381537813904e-307,2.7367472476161287e-304,1.0,0.9208770257387988
Cycling T,GAPDH,37.471615,2.372198,2.6713457090651202e-307,4.888829782160077e-304,1.0,0.9379628950648969
Cycling T,BIRC5,36.715553,9.488963,4.1247263886171574e-295,7.18920167981739e-292,0.7528868360277137,0.016499230035931657
Cycling T,PFN1,36.67043,1.7974867,2.162660719020381e-294,3.598077619890181e-291,1.0,0.9623817555180758
Cycling T,CDK1,36.421467,9.154331,1.9472039756793124e-290,3.0987634746875735e-287,0.75635103926097,0.029331964508322945
Cycling T,RP11-673C5.1,36.407814,3.7640927,3.202351875126542e-290,4.883853472224237e-287,0.9595842956120092,0.4839774143873286
Cycling T,TMPO,36.36801,5.971976,1.3644751580992012e-289,1.9977007894698786e-286,0.9214780600461894,0.26237442252694876
Monocyte/Macrophage,TYROBP,48.305653,11.791766,0.0,0.0,0.9877094972067039,0.08061434450323339
Monocyte/Macrophage,FCER1G,48.113525,12.064263,0.0,0.0,0.9810055865921787,0.07223691945914168
Monocyte/Macrophage,IFI30,47.779556,11.265469,0.0,0.0,0.9810055865921787,0.1675485008818342
Monocyte/Macrophage,FTL,47.70881,4.6227946,0.0,0.0,1.0,0.9124044679600235
Monocyte/Macrophage,CD68,47.372776,10.602732,0.0,0.0,0.964245810055866,0.06709288653733098
Monocyte/Macrophage,LYZ,46.984444,12.125777,0.0,0.0,0.9620111731843576,0.042915931804820694
Monocyte/Macrophage,CTSB,46.92108,8.4495,0.0,0.0,0.9910614525139665,0.44657554379776604
Monocyte/Macrophage,PSAP,46.43413,6.8130155,0.0,0.0,0.9854748603351955,0.5497501469723692
Monocyte/Macrophage,FCGR2A,46.430878,10.901679,0.0,0.0,0.9385474860335196,0.03358318636096414
Monocyte/Macrophage,SERPINA1,46.42506,12.089304,0.0,0.0,0.9351955307262569,0.026455026455026454
Monocyte/Macrophage,AIF1,46.277657,10.327417,0.0,0.0,0.9497206703910615,0.059964726631393295
Monocyte/Macrophage,RP11-1143G9.4,46.147713,12.321913,0.0,0.0,0.9430167597765363,0.040858318636096416
Monocyte/Macrophage,CST3,45.273563,10.646394,0.0,0.0,0.9508379888268157,0.05974426807760141
Monocyte/Macrophage,S100A11,44.84336,6.873813,0.0,0.0,0.9854748603351955,0.45612874779541446
Monocyte/Macrophage,PLAUR,44.74829,10.632724,0.0,0.0,0.9184357541899442,0.05202821869488536
Monocyte/Macrophage,NPC2,44.74594,8.834512,0.0,0.0,0.9597765363128492,0.17239858906525574
Monocyte/Macrophage,CD14,44.735542,13.036219,0.0,0.0,0.8972067039106145,0.01815108759553204
Monocyte/Macrophage,CSF1R,44.628105,10.216323,0.0,0.0,0.906145251396648,0.03137860082304527
Monocyte/Macrophage,CYBB,44.563244,8.294525,0.0,0.0,0.9396648044692737,0.10221928277483833
Monocyte/Macrophage,CLEC7A,44.511616,9.433332,0.0,0.0,0.9139664804469274,0.039535567313345094
Monocyte/Macrophage,LRP1,44.496155,9.291103,0.0,0.0,0.8972067039106145,0.02175191064079953
Monocyte/Macrophage,GRN,44.20796,8.946453,0.0,0.0,0.9553072625698324,0.18974132863021753
Monocyte/Macrophage,GLUL,44.036465,8.956205,0.0,0.0,0.9441340782122905,0.15946502057613168
Monocyte/Macrophage,FTH1,43.794357,3.617364,0.0,0.0,0.9988826815642458,0.9414315108759553
Monocyte/Macrophage,FTLP3,43.678448,4.6722355,0.0,0.0,0.9675977653631285,0.49081422692533805
NK,GNLY,31.723274,9.966129,7.421528314727551e-221,2.7164277937565783e-216,0.8619469026548673,0.1525326445688047
NK,CTSW,24.768705,5.337822,1.9495295893385506e-135,3.5678341014484815e-131,0.8690265486725663,0.3750179365762663
NK,NKG7,24.55997,5.778456,3.3843876706786594e-133,4.129178584072677e-129,0.9557522123893806,0.5212369062993256
NK,PRF1,24.019619,5.0343366,1.7347847138581745e-127,1.5874147524159226e-123,0.8867256637168142,0.4662792366193141
NK,KLRD1,23.896936,5.7066765,3.295789738980055e-126,2.4126499205229598e-122,0.784070796460177,0.24214377959535083
NK,PLAC8,22.553013,5.561997,1.2544786266634436e-112,7.652737782189227e-109,0.7185840707964601,0.20103314679294015
NK,TRDC,22.492292,7.118431,4.938188076617402e-112,2.582107999719288e-108,0.6389380530973451,0.07117233462476683
NK,GZMB,21.091969,5.586816,9.425814236886607e-99,3.833373918872484e-95,0.7787610619469026,0.31001578418711434
NK,KLRF1,19.440893,8.612002,3.4805030968737197e-84,1.273933743517719e-80,0.4902654867256637,0.011407662505380972
NK,TYROBP,18.793987,5.617476,8.457850809456329e-79,2.8143114120701867e-75,0.6035398230088496,0.11766394030707418
NK,IL2RB,18.379116,3.4275293,1.9309183843804171e-75,5.436574977314771e-72,0.8336283185840708,0.513918783182666
NK,FCGR3A,18.327538,5.461448,4.989890513819124e-75,1.3045712327629114e-71,0.5469026548672566,0.1149375807145932
NK,TXK,17.563347,5.314079,4.701962218752193e-69,1.1473414742051184e-65,0.4920353982300885,0.06830248242215525
NK,KLRC1,17.249207,5.168949,1.1344838492505461e-66,2.5952736156417806e-63,0.4902654867256637,0.07698378533505525
NK,AOAH,17.00028,3.4460943,8.17283638394387e-65,1.7596597489712563e-61,0.7061946902654868,0.34897402783756637
NK,CD247,16.915447,3.3311496,3.4618377077951725e-64,7.039454654484383e-61,0.7061946902654868,0.4258860668675563
NK,IFITM2,16.729769,1.8915589,7.95471311787799e-63,1.455792047702851e-59,0.9699115044247788,0.879896685320706
NK,B3GNT7,16.559618,5.673705,1.3645554196846139e-61,2.3783551176807733e-58,0.44424778761061945,0.048715741139331324
NK,FGFBP2,16.544346,6.6318984,1.7586280441424322e-61,2.9258774396227866e-58,0.43716814159292033,0.03278806141483714
NK,KLRB1,16.49385,4.625222,4.0621991402040804e-61,6.464548388249989e-58,0.5203539823008849,0.1314392308796097
NK,SH2D1B,16.354307,6.938425,4.052924968143575e-60,6.181048320166298e-57,0.4194690265486726,0.01757784474099584
NK,PIP4K2A,16.235598,1.8142035,2.8248570502108024e-59,4.135816710072632e-56,0.9168141592920354,0.7983928827665375
NK,HOPX,15.872876,4.321459,9.766043994354006e-57,1.2766312224333763e-53,0.5256637168141592,0.16020949921079064
NK,KLRK1,15.452961,3.6261394,7.205559316937097e-54,8.241808816204113e-51,0.8407079646017699,0.4923231453580141
NK,SPON2,15.408784,4.4584823,1.4287529490185445e-53,1.5380945717640225e-50,0.4725663716814159,0.12864112498206343
Plasma,IGHG1,27.190474,12.616849,8.41849887903167e-163,1.540669479851586e-158,0.8257575757575758,0.08456794499184801
Plasma,IGHG3,26.460136,10.50706,2.7894391092787538e-154,2.0419810055564191e-150,0.797979797979798,0.040547246048061245
Plasma,IGHG2,26.079502,10.707684,6.228396032584341e-150,3.799529193077534e-146,0.7828282828282829,0.0357269440703197
Plasma,CD79A,25.809803,6.5987463,6.882632688690328e-147,3.1489765208930422e-143,0.8914141414141414,0.10243141702700786
Plasma,IGHGP,25.564388,9.686552,3.799146808367271e-144,1.545070794220654e-140,0.7651515151515151,0.02842560430991706
Plasma,IGHG4,25.185751,9.838362,5.738892300416758e-140,1.7504577998321185e-136,0.7550505050505051,0.029772453391933084
Plasma,IGKC,25.071331,11.402262,1.0220836902404494e-138,2.8777159407831484e-135,0.8005050505050505,0.13043170057418302
Plasma,IGJ,24.742985,9.611931,3.689148129857273e-135,9.645014274931137e-132,0.7727272727272727,0.068901963564188
Plasma,AC096579.7,24.645334,8.182863,4.129429513246068e-134,1.0076358602922172e-130,0.7828282828282829,0.08081094492096122
Plasma,POU2AF1,23.400112,5.4255853,4.262307776930824e-121,6.782999532661827e-118,0.7904040404040404,0.08343375629120295
Plasma,IGLC1,22.395287,8.398044,4.374935757016248e-111,5.337713285943624e-108,0.6843434343434344,0.02842560430991706
Plasma,MZB1,22.255346,7.3020816,1.001170496247711e-109,1.145151328239335e-106,0.7121212121212122,0.09513007726660523
Plasma,DERL3,22.132864,7.40679,1.5257262179776354e-108,1.6424891479534532e-105,0.6868686868686869,0.039413057347416174
Plasma,FCRL5,21.035858,6.442803,3.0814840755631434e-98,2.8197120033440544e-95,0.6565656565656566,0.03749911391507762
Plasma,TXNDC5,20.480583,6.1700616,3.207989761164064e-93,2.6093075830694905e-90,0.6464646464646465,0.04721060466435103
Plasma,CPNE5,19.561401,5.482962,3.298876423519287e-85,2.0818185319595338e-82,0.6111111111111112,0.03033954774225562
Plasma,IGHA1,19.464603,8.004112,2.191871523950991e-84,1.3597776528754944e-81,0.5984848484848485,0.03473452895725526
Plasma,IGLL5,19.401058,7.5914807,7.559882202704627e-84,4.611780139723246e-81,0.5934343434343434,0.021833132487417594
Plasma,SSR4,18.664495,3.5523796,9.627878015524397e-78,5.339387744306424e-75,0.7803030303030303,0.5193166513078613
Plasma,SDC1,18.592451,9.012303,3.698807973725888e-77,1.9909377860928672e-74,0.5505050505050505,0.004111434039838378
Plasma,PRDX4,18.431055,5.3108215,7.40239474400519e-76,3.6125660322677065e-73,0.6616161616161617,0.12135819096902248
Plasma,FKBP11,17.988733,5.1529155,2.3874962629241406e-72,1.0403230739946356e-69,0.6919191919191919,0.16871056922095415
Plasma,RAB30,17.483435,4.369343,1.9160541055117898e-68,7.382253933678161e-66,0.696969696969697,0.16963209754022826
Plasma,TCF4,17.211561,3.4460511,2.1748764940513528e-66,8.040891862148244e-64,0.648989898989899,0.12320124760757072
Plasma,TPD52,17.122917,3.8299408,1.0012979007562251e-65,3.593088800341113e-63,0.6792929292929293,0.13773304033458567
Treg,FOXP3,37.713684,8.102582,0.0,0.0,0.8192161820480405,0.03048424737456243
Treg,IL32,31.034538,4.1122746,1.844616861385777e-211,3.375833318022111e-207,0.97724399494311,0.7029609101516919
Treg,CD4,26.848375,4.898741,8.811019728353369e-159,8.062523602429751e-155,0.7825537294563844,0.2605017502917153
Treg,PIM2,26.614697,3.7648258,4.588646723733548e-156,3.3590729476419067e-152,0.9532237673830595,0.6748103850641773
Treg,TNFRSF18,26.538637,5.6992154,3.473811594145942e-155,2.1191408661488295e-151,0.6788874841972187,0.161610268378063
Treg,IL2RA,26.427023,6.685128,6.704284848915514e-154,3.505574772000081e-150,0.6017699115044248,0.0633022170361727
Treg,SPOCK2,26.115126,4.1099586,2.45491736615564e-150,1.1231860679503592e-146,0.8912768647281921,0.5094807467911319
Treg,BATF,25.913483,4.840352,4.693957531345377e-148,1.908980372914483e-144,0.7484197218710493,0.2843494749124854
Treg,CTLA4,25.713795,4.6547365,8.194625724972324e-146,2.99939690785437e-142,0.8002528445006322,0.31293757292882146
Treg,TIGIT,24.665958,4.4006577,2.4813336182154685e-134,7.568481091160215e-131,0.831858407079646,0.39221120186697783
Treg,TRAC,24.542208,3.543144,5.238284857691338e-133,1.474859248932449e-129,0.9835651074589128,0.7137543757292882
Treg,TBC1D4,24.171362,4.371691,4.4523696239563785e-129,1.1640402355432241e-125,0.661188369152971,0.19063593932322054
Treg,PBXIP1,23.951893,3.5774555,8.8300028333634e-127,2.019973523167295e-123,0.8558786346396966,0.4632438739789965
Treg,LTB,23.780157,4.6678247,5.359007361948422e-125,1.1538258086002126e-121,0.7104930467762326,0.26918028004667444
Treg,ARID5B,23.5438,3.2846239,1.4530215102696563e-122,2.9546385177161085e-119,0.8748419721871049,0.5204929988331388
Treg,RTKN2,23.240347,5.4723434,1.7811424013902543e-119,3.4312302197729514e-116,0.5398230088495575,0.05746791131855309
Treg,CCR8,22.978037,7.9197097,7.730350894455388e-117,1.4147315171942806e-113,0.4968394437420986,0.014585764294049008
Treg,ICOS,22.857801,4.3890257,1.2223205908602358e-115,2.1304465841269693e-112,0.6915297092288243,0.26042882147024504
Treg,TNFRSF4,22.652153,5.4115915,1.3285757037124868e-113,2.2103876321492928e-110,0.5562579013906448,0.09816219369894982
Treg,MIR4435-1HG,21.423578,3.6522326,8.055768154733005e-102,1.2819879391284235e-98,0.718078381795196,0.36953033838973165
Treg,IKZF2,21.236868,4.1033516,4.3600161361671114e-100,6.649387942332859e-97,0.5537294563843237,0.11668611435239207
Treg,MAF,21.13888,3.1403852,3.4927662551593262e-99,5.113689218853666e-96,0.6649810366624526,0.24883313885647607
Treg,TNFRSF1B,20.546227,3.065147,8.318236676463858e-94,1.12764481048863e-90,0.7838179519595448,0.5070011668611435
Treg,ZC3H12D,20.499077,3.6725922,2.194147956861067e-93,2.8682215541795993e-90,0.606826801517067,0.2035443407234539
Treg,B2M,20.41134,0.50926054,1.3259687763729978e-92,1.6735554880277404e-89,1.0,0.9999270711785297
cDC,HLA-DRA,25.740717,8.625433,4.095058126505618e-146,1.4988731754635866e-141,0.9920318725099602,0.532206006174572
cDC,HLA-DPA1,25.540718,6.94186,6.962506837497773e-144,1.2742083763304676e-139,0.9960159362549801,0.6341566095986528
cDC,CST3,25.434969,11.240793,1.0354274613928228e-142,1.2632905313966702e-138,0.9721115537848606,0.09963513892786978
cDC,HLA-DRB1,25.332664,6.085497,1.3953115442288676e-141,1.2767798285466253e-137,1.0,0.6523294976143699
cDC,HLA-DRB6,25.090729,5.025156,6.2785593239507785e-139,4.596156567504928e-135,0.9960159362549801,0.5673589671625036
cDC,HLA-DPB1,24.827621,6.3049736,4.512267813809241e-136,2.7526337753507643e-132,0.9920318725099602,0.635980914959304
cDC,LYZ,24.640162,11.466286,4.691878040045924e-134,2.3450247868689313e-130,0.952191235059761,0.08461970249789504
cDC,GSN,24.63658,9.404621,5.125457159431574e-134,2.3450247868689313e-130,0.9641434262948207,0.09086444007858546
cDC,CD74,24.607311,3.9786854,1.054903466793459e-133,4.290175187952688e-130,0.9920318725099602,0.939938254280101
cDC,IFI30,24.0804,10.015461,4.0114463768985426e-128,1.4682696028724046e-124,0.9800796812749004,0.2043222003929273
cDC,RP11-1143G9.4,24.013378,11.256619,2.0157798577394242e-127,6.707415850270764e-124,0.9362549800796812,0.08174291327532977
cDC,HLA-DRB5,23.993122,5.7917714,3.2807832441357007e-127,1.0006935691821244e-123,0.9920318725099602,0.6055290485545888
cDC,GRN,23.821377,8.734039,2.0057033846788575e-125,5.647135022001196e-122,0.9920318725099602,0.22368790345214706
cDC,HLA-DQB1,23.801386,7.0788035,3.231164542346929e-125,8.447648898498736e-122,0.9760956175298805,0.44049957900645526
cDC,HLA-DQA1,23.53476,7.5541315,1.79831473462077e-122,4.388127727772628e-119,0.9681274900398407,0.36107213022733653
cDC,ITGAX,23.52991,7.1631975,2.0162089406231578e-122,4.6123299777930515e-119,0.9681274900398407,0.15829357283188325
cDC,FGL2,23.286444,7.77608,6.082883609659739e-120,1.309680622828034e-116,0.9203187250996016,0.0995649733370755
cDC,HLA-DQB2,23.044508,6.0799603,1.6697943061838075e-117,3.395433955274429e-114,0.9641434262948207,0.2705585181027224
cDC,AIF1,23.0054,8.790175,4.115818469444618e-117,7.928799348347994e-114,0.9362549800796812,0.1004069604266068
cDC,CPVL,22.974672,9.577347,8.352838700125871e-117,1.528653010510036e-113,0.8764940239043825,0.05655346618018524
cDC,CSF2RA,22.971783,7.7068257,8.927249397763895e-117,1.555977059318829e-113,0.8884462151394422,0.06321919730564131
cDC,HCK,22.947184,8.296989,1.572032522402387e-116,2.6154333811350986e-113,0.9123505976095617,0.06785012629806343
cDC,HLA-DMB,22.214987,7.883971,2.460508727204973e-109,3.752480851381518e-106,0.952191235059761,0.20691832725231546
cDC,HLA-DMA,22.1039,6.4485073,2.899092057781566e-108,4.244502699956835e-105,0.9760956175298805,0.40885489755823745
cDC,C1orf162,22.0908,7.7968025,3.874825705358587e-108,5.4548604025974994e-105,0.9123505976095617,0.12166713443727196
gdT,TRDC,39.402477,11.281013,0.0,0.0,0.8923705722070845,0.05069358704335827
gdT,TRGC2,30.078579,6.1648164,9.237593353850015e-199,1.6905719596880912e-194,0.8433242506811989,0.22913791851260076
gdT,TRDV1,30.052109,9.745549,2.049083858223396e-198,2.5000189126230915e-194,0.6743869209809265,0.02149756699832958
gdT,TRGC1,28.54866,4.620308,2.9185285100043126e-179,2.670599513079446e-175,0.7861035422343324,0.20117655603166534
gdT,CCL5,23.652208,4.394211,1.1201571959027814e-123,8.199998736886721e-120,0.9427792915531336,0.6365022877478393
gdT,GZMK,20.82542,4.356584,2.546851856831352e-96,1.553664527729019e-92,0.7465940054495913,0.3445420872975525
gdT,KLRK1,20.794567,4.362054,4.847151514359113e-96,2.534506281836747e-92,0.9128065395095368,0.4842036458711598
gdT,NKG7,20.015362,4.4850945,4.046887563893185e-89,1.8515522326702294e-85,0.8814713896457765,0.5198634613987944
gdT,KLRG1,19.54725,4.2144303,4.3535798217700573e-85,1.7705525404047515e-81,0.611716621253406,0.2045173941462706
gdT,HLA-L,17.3704,0.9987285,1.3825882260711539e-67,5.0605494250656374e-64,0.9604904632152589,0.9009368872104002
gdT,DUSP2,16.973848,2.9657333,1.2824423801440451e-64,4.2672687270938485e-61,0.896457765667575,0.6703464303871015
gdT,CTSW,16.892227,3.4852014,5.132772353933584e-64,1.565581114155642e-60,0.7356948228882834,0.3760621686396979
gdT,AE000661.37,16.406301,4.9722934,1.7239194776886895e-60,4.853761594027801e-57,0.38283378746594005,0.02389425521098119
gdT,PRF1,16.182596,3.1617517,6.691158705124128e-59,1.7493556494639524e-55,0.776566757493188,0.4669910668893892
gdT,CST7,16.009615,3.1124718,1.0948545825683466e-57,2.671591162077775e-54,0.8542234332425068,0.5651826566925703
gdT,GZMA,15.990071,3.4405746,1.4985917220199307e-57,3.428215888085844e-54,0.7683923705722071,0.4531193260222238
gdT,AOAH,15.573936,2.8639624,1.0945904986990518e-54,2.3567177313754525e-51,0.6662125340599455,0.3467208947635994
gdT,A2M,15.276079,2.3892734,1.1038489083006084e-52,2.2446154300899372e-49,0.5504087193460491,0.2093833974871087
gdT,HLA-J,14.99973,1.0604311,7.37189820577662e-51,1.3491310906391792e-47,0.9386920980926431,0.8609920836662067
gdT,HLA-G,14.73008,0.74749607,4.132177002135212e-49,7.202187744388239e-46,0.9741144414168937,0.9454571864332921
gdT,IFITM1,14.247352,2.3645408,4.656037390827808e-46,7.746376389958156e-43,0.9073569482288828,0.7053526036749219
gdT,HLA-H,14.231948,0.5598315,5.8042141102142314e-46,9.236775863567882e-43,1.0,0.9975306848718135
gdT,IKZF2,13.709418,2.7216802,8.91695443322726e-43,1.3599098590207675e-39,0.4264305177111717,0.12528142929769773
gdT,KLRC4-KLRK1,13.63633,2.3133528,2.4351158813525127e-42,3.5652044595705865e-39,0.5694822888283378,0.2834628513327039
gdT,PTPRCAP,13.473372,1.917923,2.2437826522721323e-41,3.158728178402484e-38,0.9114441416893733,0.7536495025056286
pDC,PLD4,28.062754,12.31492,2.791673305117086e-173,1.0218082631389559e-168,0.9753521126760564,0.030522540263028343
pDC,IL3RA,27.93182,11.069796,1.0963187457520846e-171,2.0063729366008903e-167,0.971830985915493,0.04072016316196638
pDC,TCF4,27.833656,9.846799,1.6988550950069656e-170,2.072716472914832e-166,0.9929577464788732,0.12047260707504044
pDC,IGJ,27.648191,13.003692,2.9340100495423977e-168,2.6847658958337713e-164,0.9788732394366197,0.07032843378577959
pDC,BCL11A,27.623701,10.015322,5.778132587180219e-168,4.229824179119408e-164,0.9964788732394366,0.1047893663408116
pDC,LILRA4,27.537525,14.484567,6.242587189224977e-167,3.808186271666877e-163,0.954225352112676,0.019691961460018285
pDC,NAPSB,27.454964,11.048798,6.061390914096284e-166,3.1694147176821746e-162,0.9788732394366197,0.09431042970673043
pDC,PTPRS,27.37138,10.762193,6.011816794326635e-165,2.750556478824294e-161,0.9507042253521126,0.032069765806315494
pDC,PLAC8,27.352049,9.63505,1.0209847895659037e-164,4.152231696410134e-161,0.9823943661971831,0.20599198255854842
pDC,SERPINF1,27.245497,12.794202,1.879111974256786e-163,6.877925648174689e-160,0.9471830985915493,0.029748927491384768
pDC,IRF8,27.226961,9.678986,3.1153349584699615e-163,1.036613546817432e-159,0.9753521126760564,0.22280047823334975
pDC,SPIB,26.969406,10.617922,3.3780947586181835e-160,1.0303752029578563e-156,0.9612676056338029,0.04908924678247415
pDC,IRF7,26.783842,8.342723,4.984543168127788e-158,1.403417300306256e-154,0.9683098591549296,0.28750263731626696
pDC,AC096579.7,26.669039,10.221584,1.0765263487693565e-156,2.814501244118285e-153,0.971830985915493,0.08256558126450524
pDC,CYB561A3,26.108957,8.942902,2.884645407456683e-150,7.038919413581967e-147,0.9577464788732394,0.19136366833110627
pDC,GPR183,26.10183,9.111696,3.4755744644327534e-150,7.950811034197978e-147,0.9753521126760564,0.30065405443420773
pDC,LILRB4,26.094007,9.281743,4.264003412638633e-150,9.180650171141132e-147,0.9471830985915493,0.07194598776285252
pDC,TSPAN13,25.945766,10.109495,2.0297495824571504e-148,4.127383012060923e-145,0.9154929577464789,0.043603628947183344
pDC,C1orf186,25.887152,8.536112,9.292933459719715e-148,1.7902102657508472e-144,0.9119718309859155,0.030452211829242563
pDC,CCDC50,25.743464,7.650867,3.815207350496763e-146,6.982210972144126e-143,0.9507042253521126,0.14797102468528026
pDC,MPEG1,25.634651,8.997139,6.271007467799784e-145,1.0930067396971795e-141,0.9154929577464789,0.09283353259722905
pDC,ITM2C,25.37006,7.967825,5.3988119766277755e-142,8.982150725842265e-139,0.9471830985915493,0.18531542302552922
pDC,TGFBI,25.260288,9.069642,8.730435268130512e-141,1.3893538768874478e-137,0.9683098591549296,0.09670159645544693
pDC,CST3,25.222952,9.57444,2.243777343317419e-140,3.421947430004341e-137,0.9683098591549296,0.09768619452844785
pDC,GRN,25.086563,8.665285,6.971279670470768e-139,1.0206511139942842e-135,0.9788732394366197,0.22216752232927772
