,responder,"Whole-compartment composition (11 cell types, CLR)",CD8 state composition (CLR),TCF7+ fraction of CD8 cells [published comparator],"CD8 baseline gene program (nested, 50 genes)","CD8 on-treatment program scored at baseline (nested, 50 genes)"
P1,1,0.08295452033456555,0.9574701511379893,0.38778319799354977,0.003143752278527484,0.06217163692964337
P12,0,0.16309467259898916,0.7331526102365827,0.41239806074763713,0.20859338164039035,0.5409650296758589
P15,0,0.42759423631462795,0.4088334957813699,0.3900689943798938,0.29931130670001044,0.12737586172612764
P2,0,0.10449599274835573,0.27828931902862103,0.27784618613996714,0.031101074386260575,0.6446036666273515
P20,0,0.19943210856558535,0.3328553677477268,0.3959037129795698,0.3840347296493843,0.08714514407627254
P24,1,0.7947415311079478,0.7537713275172387,0.4672662447962083,0.939082049780394,0.8845343477447721
P25,0,0.9470352126164558,0.3503552729391693,0.28032233935886197,0.2013785981194272,0.19567407118683025
P26,1,0.8699809982732117,0.22585617013289636,0.7676243236943854,0.5282999405038526,0.6780687366994472
P27,0,0.11107648299826314,0.2547695582092798,0.3563767788382748,0.09444425076369448,0.009245830904294691
P28,1,0.968467690404166,0.7549929710741307,0.5862310525290578,0.20555025068087027,0.818895216744657
P29,1,0.12109762688398311,0.17802543457736328,0.29814385648394975,0.13175555642061224,0.041751315821273255
P3,0,0.4800420678889135,0.49408575788010245,0.6244223986912053,0.7155075040759538,0.9153064421743025
P31,0,0.11188083725039537,0.6628662537741272,0.3352107981933459,0.06910881203451816,0.30879808713527096
P33,1,0.8881444557102396,0.445129005371576,0.6149019795829628,0.8743513464660602,0.9694424712922401
P35,1,0.9503953301561293,0.15953541145166383,0.48012374395818697,0.9685026524580646,0.9925426891690909
P4,0,0.02660147567061062,0.40170657785233765,0.5068840990107256,0.3168238197331764,0.03734261162455192
P6,0,0.5474501225520186,3.0293650748548353e-06,0.95943793656693,0.006461040840173409,0.23392524833713757
P7,1,0.9613395330078095,0.6356674685027647,0.5466797806841276,0.5927666453703304,0.606252459412047
P8,1,0.007843526735152963,0.06940415932596514,0.41412837319922086,0.40614877374121994,0.42726577717093056
