cluster,n_cells,n_patients,top_patient_frac,normalised_entropy
15,895,29,0.3854748603351955,0.7121826908913805
18,876,27,0.1780821917808219,0.7747026634446141
19,94,22,0.24468085106382978,0.7806699981730034
10,284,25,0.176056338028169,0.7834814919364727
16,302,29,0.2052980132450331,0.806204914327129
7,454,31,0.21145374449339208,0.8135189117681139
12,734,31,0.14986376021798364,0.8138963721789204
8,866,30,0.20785219399538107,0.840528900871026
14,251,27,0.14342629482071714,0.8472431657636462
13,362,29,0.143646408839779,0.849732626277212
17,212,31,0.16981132075471697,0.8596228018811344
"0,3",345,30,0.12173913043478261,0.8728687586995305
"0,2",117,26,0.10256410256410256,0.886972441168586
"0,0",226,30,0.11504424778761062,0.8996178977339883
"0,1",222,29,0.08558558558558559,0.9005178130212438
11,355,31,0.10704225352112676,0.9050829974203662
4,434,31,0.08525345622119816,0.9218258466435179
6,2413,32,0.08619975134687112,0.9269597500139907
9,914,32,0.1061269146608315,0.9287215736161332
5,791,32,0.09987357774968394,0.9365261896633712
2,1691,32,0.0904790065050266,0.944392241623026
1,1325,32,0.10490566037735849,0.9454677105617524
3,340,32,0.08823529411764706,0.9556829174795831
