cell_type,n_patients_paired,median_prop_Pre,median_prop_Post,median_change,n_increased,statistic,p_value,p_adj_BH
NK,11,0.047619047619047616,0.024489795918367346,-0.026403447472629862,2,9.0,0.0322265625,0.3544921875
Cycling T,11,0.046153846153846156,0.04950495049504951,0.013409961685823757,6,24.0,0.46484375,0.845703125
Monocyte/Macrophage,11,0.06007067137809187,0.019801980198019802,-0.007272212790039617,5,24.0,0.46484375,0.845703125
Treg,11,0.0529595015576324,0.059918350957033864,0.01904257594118186,8,24.0,0.46484375,0.845703125
cDC,11,0.015384615384615385,0.013626318191645247,-0.004343520090548954,4,26.0,0.5771484375,0.845703125
B,11,0.009345794392523364,0.02456140350877193,0.005147915210808292,6,27.0,0.6376953125,0.845703125
pDC,11,0.0176678445229682,0.00816326530612245,-0.0035636910288720874,5,27.0,0.6376953125,0.845703125
CD4 T,11,0.22929936305732485,0.1509433962264151,0.010582908885116024,6,28.0,0.7001953125,0.845703125
CD8 T,11,0.4266666666666667,0.42857142857142855,0.03671477079796265,8,28.0,0.7001953125,0.845703125
gdT,11,0.023076923076923078,0.020689655172413793,-0.0026687598116169574,5,30.0,0.8310546875,0.845703125
Plasma,11,0.0056657223796034,0.006896551724137931,0.0,5,25.0,0.845703125,0.845703125
