analysis,cell_type,gene,mean_ln_Post,mean_ln_Pre,log2FC,t,p_value,n_Post,n_Pre,p_adj_BH,mean_ln_Responder,mean_ln_Non-responder,n_Responder,n_Non-responder
treatment,gdT,TELO2,0.5060689,0.0,0.7301031,9.105387,3.7263587e-06,11.0,5.0,0.06504359158611805,,,,
treatment,gdT,SETDB1,0.7421682,0.0414502,1.0109223,6.6851673,1.5401094e-05,11.0,5.0,0.07001780783563542,,,,
treatment,gdT,GPATCH11,0.23459406,0.0,0.3384477,7.6192718,1.8001478e-05,11.0,5.0,0.07001780783563542,,,,
treatment,gdT,RP11-793H13.10,0.27331007,0.0,0.39430308,7.4197674,2.2627199e-05,11.0,5.0,0.07001780783563542,,,,
treatment,gdT,ZSWIM8,0.8017142,0.006099695,1.147829,7.161243,2.9678591e-05,11.0,5.0,0.07001780783563542,,,,
treatment,gdT,SLC25A51,0.1882627,0.0,0.27160567,7.1337357,3.1654632e-05,11.0,5.0,0.07001780783563542,,,,
treatment,gdT,ZNF609,0.5030556,0.03729132,0.67195576,6.4224463,3.2329644e-05,11.0,5.0,0.07001780783563542,,,,
treatment,gdT,SESN3,0.5099146,0.035905022,0.68385124,6.035154,3.4584737e-05,11.0,5.0,0.07001780783563542,,,,
treatment,gdT,RTKN2,1.3273946,0.17964065,1.6558589,6.0011225,3.6101992e-05,11.0,5.0,0.07001780783563542,,,,
treatment,gdT,OCIAD1,1.7976639,0.74705094,1.515714,5.5447483,7.222563e-05,11.0,5.0,0.09513138291647641,,,,
treatment,gdT,PIGP,0.43255824,0.0,0.6240496,6.399873,7.833777e-05,11.0,5.0,0.09513138291647641,,,,
treatment,gdT,TAF10,0.3737938,0.02694032,0.5004038,5.8931913,8.297104e-05,11.0,5.0,0.09513138291647641,,,,
treatment,gdT,ERCC6L2,0.39426643,0.06296086,0.4779729,5.657647,8.7281725e-05,11.0,5.0,0.09513138291647641,,,,
treatment,gdT,DNAJC24,0.1827419,0.0,0.26364082,6.2894187,9.0312664e-05,11.0,5.0,0.09513138291647641,,,,
treatment,gdT,MRPS36,0.68949646,0.0,0.9947331,6.2340016,9.7051954e-05,11.0,5.0,0.09513138291647641,,,,
treatment,gdT,TBCK,0.5701739,0.0,0.8225871,6.2039585,0.00010093048,11.0,5.0,0.09513138291647641,,,,
treatment,gdT,PAQR3,0.31900424,0.0,0.46022582,6.1876874,0.00010310044,11.0,5.0,0.09513138291647641,,,,
treatment,gdT,SLC27A3,0.25066832,0.0,0.36163795,6.1571455,0.00010731061,11.0,5.0,0.09513138291647641,,,,
treatment,gdT,RNF121,0.33660224,0.0,0.4856144,6.1172023,0.00011309841,11.0,5.0,0.09513138291647641,,,,
treatment,gdT,DCP2,1.6481812,0.6527136,1.4361562,5.523798,0.00011656802,11.0,5.0,0.09513138291647641,,,,
treatment,gdT,HMBS,0.30425432,0.0,0.4389462,6.0435157,0.00012467682,11.0,5.0,0.09513138291647641,,,,
treatment,gdT,RP11-169K16.9,0.07643073,0.0,0.11026624,6.038273,0.00012554797,11.0,5.0,0.09513138291647641,,,,
treatment,gdT,TNK2,0.47637883,0.035211876,0.63646936,5.334437,0.00012577747,11.0,5.0,0.09513138291647641,,,,
treatment,gdT,TBC1D14,0.5783748,0.0,0.8344185,5.985181,0.0001347475,11.0,5.0,0.09513138291647641,,,,
treatment,gdT,RPL12L3,0.19426395,0.0,0.28026363,5.957559,0.00013981838,11.0,5.0,0.09513138291647641,,,,
treatment,gdT,POU2F2,0.2588487,0.0062383246,0.36443976,5.829176,0.00014170243,11.0,5.0,0.09513138291647641,,,,
treatment,pDC,RP11-603J24.7,0.14603178,0.0,0.21067932,31.940756,5.649734e-07,6.0,3.0,0.008788726066313757,,,,
treatment,pDC,APOLD1,0.030460292,0.34742668,-0.45728582,-11.432179,9.050133e-06,6.0,3.0,0.07039193117452669,,,,
response_ontreatment,CD4 T,RARRES3,,,-2.0946789,-5.8739924,4.7752555e-06,,,0.09677055366864806,2.0312068,3.4831276,8.0,18.0
response_ontreatment,CD8 T,IFITM1,,,-2.1389813,-6.3382483,2.562945e-06,,,0.027684032945974952,4.405155,5.887784,8.0,18.0
response_ontreatment,CD8 T,DUSP23,,,-0.63982475,-6.0270405,3.2013013e-06,,,0.027684032945974952,0.4038248,0.8473175,8.0,18.0
response_ontreatment,CD8 T,CHMP6,,,-0.5487748,-6.091001,3.4137079e-06,,,0.027684032945974952,0.21677724,0.5971589,8.0,18.0
response_ontreatment,CD8 T,EIF3K,,,-1.440601,-5.971351,7.615904e-06,,,0.03895280883736834,2.5580437,3.5565922,8.0,18.0
response_ontreatment,CD8 T,CDCA7L,,,-0.32990965,-5.5249715,1.1105419e-05,,,0.03895280883736834,0.03611813,0.26479408,8.0,18.0
response_ontreatment,CD8 T,ARPC3P1,,,-0.24097563,-5.892087,1.153945e-05,,,0.03895280883736834,0.17718911,0.3442207,8.0,18.0
response_ontreatment,CD8 T,DPP3,,,-0.55864453,-5.4758306,1.5190939e-05,,,0.03895280883736834,0.3242222,0.7114451,8.0,18.0
response_ontreatment,CD8 T,PAX6,,,-0.045512415,-5.5591083,1.769628e-05,,,0.03895280883736834,0.0023338785,0.03388068,8.0,18.0
response_ontreatment,CD8 T,SRI,,,-1.3339392,-5.366443,1.8228564e-05,,,0.03895280883736834,1.2766644,2.2012806,8.0,18.0
response_ontreatment,CD8 T,IFI6,,,-2.2508447,-5.4304233,2.0159065e-05,,,0.03895280883736834,1.3868178,2.9469845,8.0,18.0
response_ontreatment,CD8 T,RARRES3,,,-1.9904636,-5.528288,2.0710111e-05,,,0.03895280883736834,3.1347892,4.5144734,8.0,18.0
response_ontreatment,CD8 T,BUB3,,,-1.3184018,-5.282855,2.1127835e-05,,,0.03895280883736834,2.0866997,3.0005462,8.0,18.0
response_ontreatment,CD8 T,GAPDHP60,,,-0.26328853,-5.2674966,2.120147e-05,,,0.03895280883736834,0.13606776,0.31856546,8.0,18.0
response_ontreatment,CD8 T,ALDOA,,,-1.4938,-6.0063167,2.4178344e-05,,,0.03895280883736834,4.536554,5.571977,8.0,18.0
response_ontreatment,CD8 T,ADH5P4,,,-0.09283731,-5.188647,2.6310972e-05,,,0.03895280883736834,0.014944438,0.07929435,8.0,18.0
response_ontreatment,CD8 T,AC040977.1,,,-0.84899926,-5.2351117,2.688342e-05,,,0.03895280883736834,1.3185631,1.9070445,8.0,18.0
response_ontreatment,CD8 T,RPN2,,,-1.3204205,-5.213315,2.7929394e-05,,,0.03895280883736834,1.6182554,2.5335011,8.0,18.0
response_ontreatment,CD8 T,TMEM120A,,,-0.5686504,-5.146901,2.8819539e-05,,,0.03895280883736834,0.37049222,0.76465064,8.0,18.0
response_ontreatment,CD8 T,ALG5,,,-0.61944455,-5.2684565,3.3842887e-05,,,0.04333492646439577,0.42944822,0.8588145,8.0,18.0
response_ontreatment,CD8 T,HLA-DPA1,,,-2.215531,-5.289367,3.598426e-05,,,0.04353836687247773,3.2540472,4.7897363,8.0,18.0
response_ontreatment,CD8 T,SCOC,,,-0.31748733,-5.095915,3.75809e-05,,,0.04353836687247773,0.22055462,0.44062006,8.0,18.0
response_ontreatment,CD8 T,UQCRQ,,,-1.0807445,-5.006155,4.0934967e-05,,,0.045268491260768234,1.5164557,2.2655706,8.0,18.0
response_ontreatment,CD8 T,EMC7,,,-0.89895046,-5.1784844,4.7470054e-05,,,0.04847869848163099,0.91741747,1.5405225,8.0,18.0
response_ontreatment,CD8 T,FAM86EP,,,-0.055547565,-4.975553,4.7823123e-05,,,0.04847869848163099,0.008742695,0.04724533,8.0,18.0
response_ontreatment,CD8 T,IFITM9P,,,-0.04563565,-4.9271636,5.0916467e-05,,,0.04854073264798969,0.0032330826,0.034865305,8.0,18.0
response_ontreatment,CD8 T,COA6,,,-0.4919197,-5.1036806,5.187468e-05,,,0.04854073264798969,0.27709338,0.61806613,8.0,18.0
response_ontreatment,CD8 T,MTFMT,,,-0.3574683,-5.514999,5.7041998e-05,,,0.04909777629084905,0.19743836,0.4452165,8.0,18.0
response_ontreatment,CD8 T,LYPLA2,,,-0.92318153,-5.526497,5.9042006e-05,,,0.04909777629084905,0.6459844,1.2858851,8.0,18.0
response_ontreatment,CD8 T,CTD-2262B20.1,,,-0.09856577,-4.863893,5.9581627e-05,,,0.04909777629084905,0.01644243,0.08476302,8.0,18.0
response_ontreatment,CD8 T,INF2,,,-0.16461882,-4.861666,6.0542287e-05,,,0.04909777629084905,0.0146916825,0.12879676,8.0,18.0
response_ontreatment,CD8 T,MYL6,,,-1.2587279,-5.284799,6.3515145e-05,,,0.049847095237524744,5.786826,6.65931,8.0,18.0
response_ontreatment,CD8 T,TSNAX,,,-0.36798286,-4.8191113,6.6072455e-05,,,0.05023364829889943,0.54000366,0.79506993,8.0,18.0
response_ontreatment,CD8 T,CCDC167,,,-0.5671233,-4.929337,7.121876e-05,,,0.052505492121616204,0.41931546,0.81241536,8.0,18.0
response_ontreatment,CD8 T,ACTR10,,,-0.60511476,-4.7612367,7.778084e-05,,,0.055656765063116946,0.6535561,1.0729897,8.0,18.0
response_ontreatment,CD8 T,PPT1,,,-0.80623955,-4.7744966,8.0302736e-05,,,0.05575708729439713,0.70078814,1.2596308,8.0,18.0
response_ontreatment,CD8 T,PFDN1,,,-0.6213256,-5.353327,8.250463e-05,,,0.05575708729439713,0.5768288,1.0074989,8.0,18.0
response_ontreatment,CD8 T,RP11-274E7.2,,,-1.0784836,-5.4308367,8.4868276e-05,,,0.055804331901576056,0.58869696,1.3362448,8.0,18.0
response_ontreatment,CD8 T,FAM127A,,,-0.5648869,-4.8010087,8.854568e-05,,,0.05669020843810071,0.42986745,0.8214172,8.0,18.0
response_ontreatment,CD8 T,RP11-490H24.5,,,-0.41464454,-4.699781,9.181076e-05,,,0.057273436421103094,0.35679612,0.6442058,8.0,18.0
response_ontreatment,CD8 T,SLC25A6,,,-0.9794563,-4.6727,9.659052e-05,,,0.05750800888572263,3.1590955,3.838003,8.0,18.0
response_ontreatment,CD8 T,DHCR24,,,-0.19133638,-4.755093,9.6914315e-05,,,0.05750800888572263,0.018627774,0.15125205,8.0,18.0
response_ontreatment,CD8 T,RP1-76C18.1,,,-0.009667352,-5.013519,0.0001065233,,,0.06170489019738549,0.0,0.0067008976,8.0,18.0
response_ontreatment,CD8 T,UBE2L5P,,,-0.44302306,-4.6120453,0.00011175047,,,0.06322737784073472,0.38563475,0.6927149,8.0,18.0
response_ontreatment,CD8 T,ZNF785,,,-0.106222935,-4.5820403,0.00012439505,,,0.06682105333659463,0.0153745795,0.089002706,8.0,18.0
response_ontreatment,CD8 T,PSMA6P1,,,-0.22981581,-4.5767894,0.00012598143,,,0.06682105333659463,0.25939018,0.41868636,8.0,18.0
response_ontreatment,CD8 T,NPC2,,,-0.4630859,-5.0029135,0.00012634175,,,0.06682105333659463,0.25670302,0.5776897,8.0,18.0
response_ontreatment,CD8 T,ITGAM,,,-0.13910696,-4.5513077,0.00014457943,,,0.07386808881680432,0.0218768,0.1182984,8.0,18.0
response_ontreatment,CD8 T,UBE2L6,,,-2.0438664,-4.8971896,0.00014573835,,,0.07386808881680432,1.9193376,3.3360379,8.0,18.0
response_ontreatment,CD8 T,CTD-2144E22.10,,,-0.037991527,-4.4882317,0.00015506447,,,0.07415119846161732,0.012736796,0.039070517,8.0,18.0
response_ontreatment,CD8 T,DOLK,,,-0.15065616,-4.5251126,0.00015897496,,,0.07415119846161732,0.025862947,0.13028984,8.0,18.0
response_ontreatment,CD8 T,C1GALT1C1,,,-0.3096089,-4.602882,0.00016102326,,,0.07415119846161732,0.12677659,0.34138113,8.0,18.0
response_ontreatment,CD8 T,APRT,,,-1.4255759,-4.630301,0.00016216219,,,0.07415119846161732,2.1219943,3.1101282,8.0,18.0
response_ontreatment,CD8 T,PSME1,,,-1.5496476,-5.485322,0.00016268608,,,0.07415119846161732,5.63946,6.713594,8.0,18.0
response_ontreatment,CD8 T,RNF7,,,-0.8721376,-4.484777,0.00016458402,,,0.07415119846161732,1.3155414,1.9200611,8.0,18.0
response_ontreatment,CD8 T,MPC1,,,-0.49898204,-4.443883,0.00017102016,,,0.07448500386038046,0.5561619,0.9020299,8.0,18.0
response_ontreatment,CD8 T,SERF2,,,-1.5189576,-5.1019874,0.00017144807,,,0.07448500386038046,4.2497888,5.30265,8.0,18.0
response_ontreatment,CD8 T,XRCC6P3,,,-0.00669231,-4.436466,0.0001779786,,,0.07596563625561989,0.00060927315,0.005248029,8.0,18.0
response_ontreatment,CD8 T,TSEN15P1,,,-0.09185021,-4.4153943,0.00018485003,,,0.07753821139365379,0.015540244,0.07920596,8.0,18.0
response_ontreatment,CD8 T,IMPDH1,,,-0.34732422,-4.4146514,0.00018934322,,,0.0778375852118188,0.23993523,0.48068205,8.0,18.0
response_ontreatment,CD8 T,RP11-371E8.4,,,-0.11685978,-4.406061,0.00019196248,,,0.0778375852118188,0.051449552,0.13245058,8.0,18.0
response_ontreatment,CD8 T,RPL31P63,,,-0.07113106,-4.579697,0.00019817827,,,0.07904064140285434,0.023214169,0.07251846,8.0,18.0
response_ontreatment,CD8 T,UBE2L3,,,-1.3034757,-4.4875355,0.00021602224,,,0.08476782213091934,1.1821892,2.0856898,8.0,18.0
response_ontreatment,CD8 T,CTC-432M15.3,,,-0.19019414,-4.490671,0.00022365284,,,0.08493413997482724,0.07624896,0.2080815,8.0,18.0
response_ontreatment,CD8 T,SERPINB1,,,-1.4654497,-4.333231,0.00022646086,,,0.08493413997482724,0.95616055,1.9719329,8.0,18.0
response_ontreatment,CD8 T,EIF2AK2,,,-0.75656086,-4.3517065,0.00022691928,,,0.08493413997482724,0.6569193,1.1813273,8.0,18.0
response_ontreatment,CD8 T,SUB1,,,-1.5639318,-4.66727,0.00023259953,,,0.08547578635541182,3.1080608,4.1920958,8.0,18.0
response_ontreatment,CD8 T,ACTG1P12,,,-0.021816596,-4.338803,0.00023589331,,,0.08547578635541182,0.0039948653,0.019116977,8.0,18.0
response_ontreatment,CD8 T,C4orf48,,,-0.7819446,-4.5378594,0.00023908207,,,0.08547578635541182,0.4409294,0.9829321,8.0,18.0
response_ontreatment,CD8 T,MAK16,,,-0.27298206,-4.3312936,0.00024241972,,,0.08547578635541182,0.11755584,0.3067726,8.0,18.0
response_ontreatment,CD8 T,BNIP1,,,-0.38471204,-4.458188,0.0002474039,,,0.08598698983176811,0.22111851,0.48778057,8.0,18.0
response_ontreatment,CD8 T,TIMM50,,,-0.48030838,-4.394416,0.00026238832,,,0.08881109464768874,0.45138517,0.78430957,8.0,18.0
response_ontreatment,CD8 T,UGDH-AS1,,,0.07882442,4.445001,0.0002641725,,,0.08881109464768874,0.10460765,0.04997072,8.0,18.0
response_ontreatment,CD8 T,GMPS,,,-0.53085583,-4.3263745,0.0002672702,,,0.08881109464768874,0.48218328,0.8501445,8.0,18.0
response_ontreatment,CD8 T,RNF4,,,-0.8913362,-4.2911406,0.00027013116,,,0.08881109464768874,1.7310355,2.3488626,8.0,18.0
response_ontreatment,CD8 T,SYNGR2,,,-0.9867224,-4.326562,0.00027408174,,,0.08890846318604115,1.7285837,2.4125276,8.0,18.0
response_ontreatment,CD8 T,PIF1,,,-0.27574667,-4.252531,0.00027835637,,,0.08910700122329504,0.07415497,0.265288,8.0,18.0
response_ontreatment,CD8 T,ARF5,,,-1.1482824,-4.4673657,0.00029018748,,,0.09000892368389264,1.5708098,2.3667386,8.0,18.0
response_ontreatment,CD8 T,PSME2P2,,,-0.9964563,-4.88573,0.0002913447,,,0.09000892368389264,0.7664952,1.4571861,8.0,18.0
response_ontreatment,CD8 T,RP11-4M23.4,,,-0.01879249,-4.5238895,0.00030003168,,,0.09000892368389264,0.0,0.013025961,8.0,18.0
response_ontreatment,CD8 T,PIGW,,,-0.14424448,-4.216605,0.00030575015,,,0.09000892368389264,0.014960822,0.114943475,8.0,18.0
response_ontreatment,CD8 T,CTD-2517M22.16,,,-0.044654734,-4.2093067,0.00031131497,,,0.09000892368389264,0.0055311546,0.03648346,8.0,18.0
response_ontreatment,CD8 T,ANXA7,,,-0.8940061,-4.724971,0.0003147228,,,0.09000892368389264,1.3078351,1.9275129,8.0,18.0
response_ontreatment,CD8 T,RP11-64K7.1,,,-0.11263987,-4.200571,0.00032069275,,,0.09000892368389264,0.07923274,0.15730874,8.0,18.0
response_ontreatment,CD8 T,GAPDHP40,,,-0.06034852,-4.2077475,0.00032332834,,,0.09000892368389264,0.02478229,0.0666127,8.0,18.0
response_ontreatment,CD8 T,MRPL49,,,-0.48788598,-4.2426825,0.00032885378,,,0.09000892368389264,0.42721778,0.76539457,8.0,18.0
response_ontreatment,CD8 T,MRPL40,,,-0.3124595,-4.2099032,0.0003316664,,,0.09000892368389264,0.27623948,0.4928199,8.0,18.0
response_ontreatment,CD8 T,CTD-2561B21.7,,,-0.3337569,-4.202021,0.00033607983,,,0.09000892368389264,0.15265208,0.38399473,8.0,18.0
response_ontreatment,CD8 T,IL2RG,,,-1.5138614,-4.6916695,0.0003366176,,,0.09000892368389264,4.730363,5.7796917,8.0,18.0
response_ontreatment,CD8 T,PSMA6,,,-1.4112945,-4.37198,0.00033677527,,,0.09000892368389264,1.6996729,2.6779077,8.0,18.0
response_ontreatment,CD8 T,DAZAP2,,,-1.3652911,-5.10006,0.0003429681,,,0.09000892368389264,4.036549,4.982897,8.0,18.0
response_ontreatment,CD8 T,CDC42,,,-1.451116,-5.0175843,0.00034345838,,,0.09000892368389264,3.744019,4.749856,8.0,18.0
response_ontreatment,CD8 T,HIBADH,,,-0.28171888,-4.2089276,0.00034572807,,,0.09000892368389264,0.1557853,0.35105795,8.0,18.0
response_ontreatment,CD8 T,GAPDHP65,,,-0.5366905,-4.213666,0.00034768844,,,0.09000892368389264,0.40444514,0.77645063,8.0,18.0
response_ontreatment,CD8 T,DDA1,,,-0.56057477,-4.2676706,0.00034776764,,,0.09000892368389264,0.35727647,0.7458373,8.0,18.0
response_ontreatment,CD8 T,CBX3P9,,,-0.23527613,-4.38155,0.00035255298,,,0.09028696149072953,0.15367556,0.31675655,8.0,18.0
response_ontreatment,CD8 T,AC016734.2,,,-0.31471565,-4.571195,0.0003714061,,,0.09273587972362293,0.37598202,0.5941263,8.0,18.0
response_ontreatment,CD8 T,RP11-270C12.3,,,-0.1797582,-4.273599,0.00037504378,,,0.09273587972362293,0.044527266,0.16912615,8.0,18.0
response_ontreatment,CD8 T,EIF3CL,,,-0.94053084,-4.232137,0.00037706248,,,0.09273587972362293,1.0032319,1.6551582,8.0,18.0
response_ontreatment,CD8 T,EDF1,,,-1.4632198,-4.313773,0.00038096684,,,0.09273587972362293,2.6988301,3.7130568,8.0,18.0
response_ontreatment,CD8 T,AURKAIP1,,,-0.85133255,-4.1413307,0.00038117424,,,0.09273587972362293,1.0005794,1.5906781,8.0,18.0
response_ontreatment,CD8 T,RP11-673C5.1,,,-0.54485035,-4.1463246,0.00038625934,,,0.0930426096904442,1.5876539,1.9653153,8.0,18.0
response_ontreatment,CD8 T,CTNNBL1,,,-0.525445,-4.435379,0.00040304172,,,0.0950865501107951,0.799428,1.1636387,8.0,18.0
response_ontreatment,CD8 T,IFITM2,,,-1.7721691,-4.680952,0.00040414464,,,0.0950865501107951,5.5079904,6.7363644,8.0,18.0
response_ontreatment,CD8 T,C11orf1,,,-0.16045816,-4.2482,0.00040693773,,,0.0950865501107951,0.04043613,0.15165725,8.0,18.0
response_ontreatment,CD8 T,AP1S3,,,-0.09979231,-4.1485667,0.0004129592,,,0.0950865501107951,0.008637745,0.0778085,8.0,18.0
response_ontreatment,CD8 T,SIVA1,,,-0.80947995,-4.401049,0.00041428642,,,0.0950865501107951,0.82951576,1.3906045,8.0,18.0
response_ontreatment,CD8 T,JOSD2,,,-0.5266997,-4.1731634,0.00042224937,,,0.09600845802081401,0.3673539,0.73243433,8.0,18.0
response_ontreatment,CD8 T,CD38,,,-2.185656,-4.2695656,0.00042961352,,,0.09647309531296448,0.8823125,2.3972938,8.0,18.0
response_ontreatment,CD8 T,LYRM1,,,-0.4942173,-4.2606926,0.00043222358,,,0.09647309531296448,0.29128703,0.63385236,8.0,18.0
response_ontreatment,Treg,VAMP3,,,-1.1276062,-6.4617186,8.143355e-06,,,0.061908736835903255,0.032075983,0.813673,5.0,15.0
response_ontreatment,Treg,ELP4,,,-0.90214807,-6.048898,1.0203005e-05,,,0.061908736835903255,0.049237352,0.67455876,5.0,15.0
response_ontreatment,Treg,SLC29A3,,,-0.271814,-6.2701426,1.3048585e-05,,,0.061908736835903255,0.0069792755,0.19538637,5.0,15.0
response_ontreatment,Treg,LACTB2,,,-0.45453814,-6.342265,1.8217213e-05,,,0.061908736835903255,0.0,0.31506184,5.0,15.0
response_ontreatment,Treg,RPL19P21,,,-0.20827393,-6.296768,1.9659808e-05,,,0.061908736835903255,0.0,0.14436449,5.0,15.0
response_ontreatment,Treg,AC013449.1,,,-0.19815715,-5.9761753,3.3910015e-05,,,0.07013148364421795,0.0,0.13735206,5.0,15.0
response_ontreatment,Treg,CD4,,,-2.3275774,-6.549578,4.28357e-05,,,0.07013148364421795,3.358377,4.9717307,5.0,15.0
response_ontreatment,Treg,MIEN1,,,-1.3628799,-5.560845,4.562048e-05,,,0.07013148364421795,0.36870033,1.3133767,5.0,15.0
response_ontreatment,Treg,PRKCDBP,,,-0.74079615,-5.6951995,5.532324e-05,,,0.07013148364421795,0.0,0.5134808,5.0,15.0
response_ontreatment,Treg,LDHBP2,,,-0.09562463,-5.674504,5.7379013e-05,,,0.07013148364421795,0.0,0.066281945,5.0,15.0
response_ontreatment,Treg,ZHX1,,,-0.582493,-5.6350584,6.15211e-05,,,0.07013148364421795,0.0,0.40375337,5.0,15.0
response_ontreatment,Treg,LYRM9,,,-0.61448455,-5.6062746,6.473997e-05,,,0.07013148364421795,0.0,0.42592824,5.0,15.0
response_ontreatment,Treg,TIGIT,,,-1.3716229,-5.460684,6.691977e-05,,,0.07013148364421795,4.605556,5.5562925,5.0,15.0
response_ontreatment,Treg,FAHD2B,,,-0.811436,-5.2638993,6.820284e-05,,,0.07013148364421795,0.22903797,0.79148257,5.0,15.0
response_ontreatment,Treg,EXOG,,,-0.614031,-5.548658,7.1722316e-05,,,0.07013148364421795,0.0,0.42561388,5.0,15.0
response_ontreatment,Treg,TIRAP,,,-0.49842727,-5.3117166,7.693048e-05,,,0.07013148364421795,0.04044155,0.385925,5.0,15.0
response_ontreatment,Treg,FGFR1OP,,,-0.7009015,-5.0905585,7.8836645e-05,,,0.07013148364421795,0.040393747,0.52622163,5.0,15.0
response_ontreatment,Treg,AP000295.9,,,-0.28323728,-5.4862685,8.017572e-05,,,0.07013148364421795,0.0,0.19632512,5.0,15.0
response_ontreatment,Treg,SPAG5,,,-0.31095082,-5.3385077,0.00010460697,,,0.08668614143971354,0.0,0.21553467,5.0,15.0
response_ontreatment,Treg,SRM,,,-0.58043575,-5.2528133,0.0001222191,,,0.09621699106719461,0.0,0.4023274,5.0,15.0
response_ontreatment,Treg,SDHAF2,,,-1.8185833,-5.6867046,0.00015079365,,,0.0989442160613235,0.46949816,1.730044,5.0,15.0
response_ontreatment,Treg,NPRL3,,,-0.47605282,-4.806297,0.00015634613,,,0.0989442160613235,0.040815286,0.37078997,5.0,15.0
response_ontreatment,Treg,CDC42,,,-1.8940662,-6.065739,0.00015986431,,,0.0989442160613235,3.8419814,5.154848,5.0,15.0
response_ontreatment,Treg,ZNF783,,,-0.34781542,-4.7481947,0.00016069299,,,0.0989442160613235,0.023567004,0.26465428,5.0,15.0
response_ontreatment,Treg,IFI6,,,-2.875269,-4.757395,0.00017331776,,,0.0989442160613235,1.7237072,3.7166917,5.0,15.0
response_ontreatment,Treg,FBXW11,,,-0.7905254,-5.093281,0.0001764208,,,0.0989442160613235,0.61086565,1.1588161,5.0,15.0
response_ontreatment,Treg,TPTEP1,,,-0.34734833,-4.7028236,0.00017879308,,,0.0989442160613235,0.025383528,0.26614705,5.0,15.0
response_ontreatment,Treg,EPS8L2,,,-0.40115395,-5.0372257,0.00018155646,,,0.0989442160613235,0.0,0.27805874,5.0,15.0
response_ontreatment,Treg,CTD-2336O2.1,,,-0.62533164,-5.0136733,0.00018964743,,,0.0989442160613235,0.0,0.43344688,5.0,15.0
response_ontreatment,Treg,ACVR1,,,-0.7208741,-4.6532516,0.00020040986,,,0.0989442160613235,0.07579331,0.57546514,5.0,15.0
response_ontreatment,Treg,C12orf52,,,-0.54008174,-4.9766073,0.00020314619,,,0.0989442160613235,0.0,0.37435612,5.0,15.0
response_ontreatment,Treg,ARL6IP1P2,,,-0.11669753,-4.9708886,0.00020531593,,,0.0989442160613235,0.0,0.08088856,5.0,15.0
response_ontreatment,Treg,UEVLD,,,-0.7515569,-4.6318927,0.00020737752,,,0.0989442160613235,0.052095484,0.573035,5.0,15.0
